Date,SENT^ ,SENT,pdnd,ripo,nipo,cefd,s,indpro,consdur,consnon,consserv,recess,employ,cpi
1958-01-01,.,.,.,.,.,.,.,20.7694,.,.,.,1,52076,28.6
1958-02-01,.,.,.,.,.,.,.,20.3263,.,.,.,1,51576,28.6
1958-03-01,.,.,.,.,.,.,.,20.0771,.,.,.,1,51299,28.8
1958-04-01,.,.,.,.,.,.,.,19.7448,.,.,.,1,51027,28.9
1958-05-01,.,.,.,.,.,.,.,19.9386,.,.,.,0,50914,28.9
1958-06-01,.,.,.,.,.,.,.,20.4648,.,.,.,0,50914,28.9
1958-07-01,.,.,.,.,.,.,.,20.7694,.,.,.,0,51039,29.0
1958-08-01,.,.,.,.,.,.,.,21.1848,.,.,.,0,51233,28.9
1958-09-01,.,.,.,.,.,.,.,21.3787,.,.,.,0,51506,28.9
1958-10-01,.,.,.,.,.,.,.,21.6279,.,.,.,0,51485,28.9
1958-11-01,.,.,.,.,.,.,.,22.2648,.,.,.,0,51944,29.0
1958-12-01,.,.,.,.,.,.,0.164835164835165,22.2925,.,.,.,0,52085,28.9
1959-01-01,.,.,.,.,.,.,0.171457456495709,22.6248,42.3,125.1,138.7,0,52478,29.0
1959-02-01,.,.,.,.,.,.,0.174789745668254,23.0679,44.2,125.4,140,0,52688,28.9
1959-03-01,.,.,.,.,.,.,0.197191451004578,23.4002,44.4,127.7,140.5,0,53014,28.9
1959-04-01,.,.,.,.,.,.,0.22031799817542,23.8987,45.1,125.6,141.5,0,53321,29.0
1959-05-01,.,.,.,.,.,.,0.2259676210584,24.2587,45.4,128,142.8,0,53550,29.0
1959-06-01,.,.,.,.,.,.,0.246560023338358,24.2864,46,127.9,144.3,0,53681,29.1
1959-07-01,.,.,.,.,.,.,0.24527975505756,23.7048,45.4,127.3,145.1,0,53804,29.2
1959-08-01,.,.,.,.,.,.,0.245582438493951,22.9017,46.2,127.9,146.1,0,53336,29.2
1959-09-01,.,.,.,.,.,.,0.26404869323794,22.8741,47.4,129.4,147.4,0,53428,29.3
1959-10-01,.,.,.,.,.,.,0.267453206777255,22.7079,44.8,129.8,148.3,0,53358,29.4
1959-11-01,.,.,.,.,.,.,0.268304731082059,22.8464,44.7,129,149.2,0,53634,29.4
1959-12-01,.,.,.,.,.,.,0.262439725043603,24.2587,42.8,129.7,150.4,0,54174,29.4
1960-01-01,.,.,.,13.8,16,.,0.265304513846316,24.8956,43.2,129.6,150.8,0,54274,29.3
1960-02-01,.,.,.,8,16,.,0.255321764788535,24.6741,45.7,128.4,151.2,0,54513,29.4
1960-03-01,.,.,.,19.4,21,.,0.251348574364244,24.4525,47.4,130.8,151.9,0,54454,29.4
1960-04-01,.,.,.,15.9,16,.,0.246023770747427,24.2587,49.1,134.1,153.3,0,54813,29.5
1960-05-01,.,.,.,25.3,19,.,0.250812048492164,24.231,45.7,130.3,154,1,54475,29.5
1960-06-01,.,.,.,30.6,40,.,0.24124817670348,23.9264,44.5,131.5,154.1,1,54348,29.6
1960-07-01,.,.,.,10.4,17,.,0.236317816959967,23.8433,44.9,132.2,154.3,1,54306,29.6
1960-08-01,.,.,.,27.5,23,.,0.235038769964875,23.8156,45.8,131.4,154.4,1,54272,29.6
1960-09-01,.,.,.,18.1,20,.,0.235071113533872,23.5664,47.1,131.1,155.1,1,54227,29.6
1960-10-01,.,.,.,12.6,27,.,0.220670391061453,23.5387,46.7,132.6,156.1,1,54142,29.8
1960-11-01,.,.,.,7.4,38,.,0.208430664684646,23.2064,45.1,133.1,157.2,1,53961,29.8
1960-12-01,.,.,.,25,16,.,0.204155997636399,22.7633,42.3,131.5,157.4,1,53742,29.8
1961-01-01,.,.,22.93586765,29.9,11,.,0.20528507235025,22.791,41.6,132.3,158.3,1,53683,29.8
1961-02-01,.,.,19.9513146,74.9,27,.,0.204256023846982,22.7633,41.9,133.3,158.5,1,53557,29.8
1961-03-01,.,.,17.81048364,70.7,25,.,0.20160616117346,22.9018,43.2,134.6,159.9,0,53659,29.8
1961-04-01,.,.,16.59843932,71.1,27,.,0.259697703253233,23.3725,42.7,133.9,161,0,53627,29.8
1961-05-01,.,.,15.90732674,44.7,42,.,0.254178981539803,23.7325,43.5,134.3,162.1,0,53786,29.8
1961-06-01,.,.,17.2092092,22.8,29,.,0.243006098760574,24.0648,43.8,134.5,162.5,0,53977,29.8
1961-07-01,.,.,19.72286501,16.7,29,.,0.247728335137004,24.3418,44.1,133.9,162.5,0,54123,30.0
1961-08-01,.,.,20.24949502,23.8,50,.,0.251362857587872,24.5633,44.6,134.6,162.9,0,54298,29.9
1961-09-01,.,.,21.45830171,5.6,37,.,0.258293328108161,24.5356,45,135.3,164.1,0,54388,30.0
1961-10-01,.,.,21.47236406,14.5,53,.,0.267198174756784,25.0064,45.6,135.3,165.6,0,54522,30.0
1961-11-01,.,.,22.47592531,20.5,53,.,0.2745832985681,25.3941,46.7,136.3,166.9,0,54742,30.0
1961-12-01,.,.,22.84916027,13.9,52,.,0.284412032816773,25.6156,47.7,136.9,167.8,0,54872,30.0
1962-01-01,.,.,22.35586515,16.2,40,.,0.284372692446055,25.3941,47.5,137.2,168.5,0,54891,30.0
1962-02-01,.,.,22.78873458,4.1,31,.,0.279374961090705,25.8095,47.4,137.4,169.2,0,55188,30.1
1962-03-01,.,.,23.9150926,2.4,50,.,0.280213587569056,25.9479,48.2,138.9,170.2,0,55275,30.1
1962-04-01,.,.,28.36528647,-3.1,74,.,0.236102968608432,26.0033,48.4,139,171.6,0,55602,30.2
1962-05-01,.,.,30.41757426,-13.4,40,.,0.231087021645685,25.9756,49.6,139.5,173,0,55628,30.2
1962-06-01,.,.,28.83345095,1.2,5,.,0.232040324348017,25.9202,49.1,137.8,173.4,0,55644,30.2
1962-07-01,.,.,26.92551022,2.7,6,.,0.223527174533146,26.1695,49.2,138.2,174,0,55746,30.3
1962-08-01,.,.,23.08365974,3.6,7,.,0.21266013564431,26.1972,49,139.2,174.7,0,55838,30.3
1962-09-01,.,.,24.92992554,-0.4,17,.,0.208199886428166,26.3633,50.5,142.5,175.7,0,55978,30.4
1962-10-01,.,.,29.44705001,-13.4,7,.,0.194205264860369,26.391,49,141,176.5,0,56041,30.4
1962-11-01,.,.,28.42385211,-7.8,11,.,0.181446894070892,26.5018,52.1,141.7,177.9,0,56056,30.4
1962-12-01,.,.,31.23360604,-11.4,10,.,0.162167211583372,26.5018,53.5,141.8,178.3,0,56028,30.4
1963-01-01,.,.,29.59665154,14.7,2,.,0.157613790431919,26.6956,53.1,142.8,178.6,0,56115,30.4
1963-02-01,.,.,29.57785974,-8.3,5,.,0.155489012468907,27.0003,52.4,141.9,179.1,0,56230,30.4
1963-03-01,.,.,29.50929853,6.3,7,.,0.137581233158979,27.1664,52.3,142.7,180,0,56320,30.5
1963-04-01,.,.,27.61719722,0.4,8,.,0.128822700251272,27.4156,53.2,142.1,181,0,56580,30.5
1963-05-01,.,.,26.39686053,9.2,8,.,0.119397322242895,27.748,53.5,142.4,181.4,0,56616,30.5
1963-06-01,.,.,24.50769648,-0.9,10,.,0.114330667365937,27.831,55,143.9,182.8,0,56659,30.6
1963-07-01,.,.,24.42521568,-1.3,6,.,0.115720132751292,27.7203,55.5,144.7,184.3,0,56794,30.7
1963-08-01,.,.,24.06752952,1.2,7,.,0.119039311467783,27.7756,54.1,146.5,185.7,0,56910,30.7
1963-09-01,.,.,23.69611479,3.5,8,.,0.110273548442205,28.0526,54.6,144.3,186.6,0,57078,30.7
1963-10-01,.,.,27.10912168,-1,8,.,0.109194190182928,28.2464,54.2,144,187.9,0,57283,30.8
1963-11-01,.,.,26.48464984,13.9,8,.,0.117297233306175,28.3849,55.6,145,188.9,0,57255,30.8
1963-12-01,.,.,29.2432839,20.4,6,.,0.11147433801896,28.3295,57.4,146.9,190.3,0,57361,30.9
1964-01-01,.,.,32.59129645,11.9,10,.,0.110188819348679,28.5787,57.9,147.2,191.6,0,57487,30.9
1964-02-01,.,.,32.81165669,15.5,4,.,0.108773959456262,28.7726,58.4,148.9,192.8,0,57753,30.9
1964-03-01,.,.,32.89876532,9.7,2,.,0.113331688461222,28.7726,57.6,149.8,194.4,0,57897,30.9
1964-04-01,.,.,30.43506389,-1.3,11,.,0.189222839214124,29.2434,58.2,149.4,195.3,0,57922,30.9
1964-05-01,.,.,29.51030297,6.8,12,.,0.195263144647756,29.4095,59.7,152.3,196.5,0,58089,30.9
1964-06-01,.,.,30.10081244,8.2,8,.,0.210666666666667,29.4926,60.6,152.7,198.1,0,58219,31.0
1964-07-01,.,.,30.98606757,-7.9,5,.,0.218287422801686,29.6864,61.6,154.3,199,0,58412,31.1
1964-08-01,.,.,30.30260528,0.7,11,.,0.218938967366024,29.8803,62.1,155.5,200.1,0,58619,31.0
1964-09-01,.,.,29.61143485,-4.4,8,.,0.218068758487599,29.991,60.3,154.8,201.5,0,58903,31.1
1964-10-01,.,.,30.2110422,3.4,8,.,0.225060943549543,29.5757,61.2,155.8,202.5,0,58793,31.1
1964-11-01,.,.,31.16765069,14.5,8,.,0.219658904241956,30.4895,58.9,153.6,203.8,0,59218,31.2
1964-12-01,.,.,31.16244172,6.8,10,.,0.221465931074013,30.8495,58,157.9,205.1,0,59421,31.2
1965-01-01,.,.,29.20118974,16.7,6,.,0.224864910605273,31.1818,61,157.3,206.1,0,59582,31.2
1965-02-01,.,.,27.2308358,1.2,7,.,0.228986380619501,31.3757,65.4,159,207.1,0,59800,31.2
1965-03-01,.,.,26.29200433,34.9,13,.,0.22445172762456,31.7911,68.4,157,207.9,0,60003,31.3
1965-04-01,.,.,25.68401439,17.7,24,.,0.151090498871898,31.9295,67.3,160,209.7,0,60259,31.4
1965-05-01,.,.,24.49145434,20,13,.,0.16651850606057,32.1788,65.1,161.3,211.1,0,60491,31.4
1965-06-01,.,.,27.5853045,7.2,8,.,0.156059133814547,32.428,62,161,212.3,0,60690,31.6
1965-07-01,-2.10996,-1.914807,26.44758865,35.3,8,19.2746812878553,0.143613283210816,32.7326,63.5,163.8,213.7,0,60965,31.6
1965-08-01,-2.166241,-1.924326,24.73285348,28,8,19.6851703293945,0.140839163926104,32.8711,66,163.4,215,0,61228,31.6
1965-09-01,-2.048318,-1.817766,23.17316742,-5.3,17,17.5768451682272,0.138952940794388,32.9542,70.6,165,216.4,0,61490,31.6
1965-10-01,-1.905876,-1.656621,21.0132241,-4.4,11,13.5941512768953,0.133952485682556,33.2865,69.5,170.6,218.4,0,61719,31.7
1965-11-01,-1.797688,-1.674017,16.1272954,1.5,20,13.9601834367426,0.141303780420325,33.4249,69.1,169.8,220.2,0,61996,31.7
1965-12-01,-1.749483,-1.688123,12.35736858,0.1,11,13.8991248923815,0.142071035517759,33.8403,68.8,171.2,221.6,0,62322,31.8
1966-01-01,-1.785334,-1.727446,11.20161171,-5.8,5,16.0091174576315,0.141309956193155,34.1726,70.2,172.5,222.4,0,62529,31.8
1966-02-01,-1.910692,-1.831732,8.54896829,33.1,4,19.1793915830022,0.135873945780172,34.3942,72.3,174.3,223.6,0,62796,32.0
1966-03-01,-1.672483,-1.589465,7.64297682,21,9,16.0028173787662,0.142633922398296,34.8649,74.4,175.4,225.2,0,63192,32.1
1966-04-01,-1.662998,-1.619546,2.63501661,25,16,18.3214605866215,0.142534141267975,34.9203,72.5,177.7,226.8,0,63437,32.3
1966-05-01,-1.557784,-1.551578,4.91173523,-3.6,10,17.9504608460821,0.126488500192367,35.2526,68.7,176.2,228.2,0,63712,32.3
1966-06-01,-1.412018,-1.48572,2.25960779,18,13,15.0015235194601,0.151424163957909,35.4188,68,177.9,229.6,0,64111,32.4
1966-07-01,-1.312954,-1.387746,2.4135062,8.3,8,14.6786925899486,0.153801837921893,35.6126,69.6,179.7,231.3,0,64301,32.5
1966-08-01,-1.121315,-1.220899,3.01928337,0.3,5,12.9739357401999,0.149692216579028,35.6403,72.3,179.1,231.8,0,64507,32.7
1966-09-01,-1.364666,-1.325127,3.88068932,-0.4,1,15.0600610457138,0.145331018957989,35.9726,75.1,180.5,233.5,0,64643,32.7
1966-10-01,-1.30818,-1.332615,11.94275754,-9.4,5,15.9377376013244,0.146773402148036,36.2218,73.4,180,234.9,0,64854,32.9
1966-11-01,-1.28263,-1.288939,5.07969763,-4.1,5,16.4450851280735,0.140993456330931,35.9726,72.3,180.7,237.1,0,65019,32.9
1966-12-01,-1.22971,-1.175593,2.86459802,2.3,3,15.7038298120174,0.139047197476899,36.0557,72.2,180.5,239.1,0,65199,32.9
1967-01-01,-1.06354,-1.083417,1.10880342,44.7,2,13.601449038128,0.131230911929055,36.2258,72.5,181.5,240.3,0,65407,32.9
1967-02-01,-0.9160818,-1.04532,-0.7174485,7.9,4,14.9651674689754,0.131607064295142,35.8149,69.9,182.7,240.4,0,65429,32.9
1967-03-01,-0.9504972,-1.155055,-2.3803807,22.6,4,16.8891051858827,0.117600813283633,35.613,71,182.9,241.9,0,65530,33.0
1967-04-01,-0.9963773,-1.071803,-4.9175206,8,12,18.2448279389299,0.116374743979095,35.9489,74.3,183.6,243.4,0,65466,33.1
1967-05-01,-0.9670866,-1.125598,-8.3335049,20.7,8,16.8968234235185,0.118497272126445,35.6353,74,183.6,244.7,0,65620,33.2
1967-06-01,-0.9286966,-1.031826,-13.6193913,43.3,5,16.1138659712133,0.0923864363403711,35.6308,75.2,184.9,246.7,0,65750,33.3
1967-07-01,-0.903341,-1.01108,-15.8248587,35.1,7,14.6454891201182,0.0907690418955364,35.5497,74.4,183.7,248.6,0,65888,33.4
1967-08-01,-0.9460598,-0.9962047,-16.8649046,53.8,12,13.3215651253578,0.092708349253412,36.2308,73.6,185.8,250.4,0,66143,33.5
1967-09-01,-0.735859,-0.8986513,-18.8214959,36.7,9,11.8835751512009,0.0978205720857339,36.172,76,187.8,251.7,0,66164,33.6
1967-10-01,-0.9369103,-1.019691,-23.3633472,27.6,12,10.2543742645679,0.105566772425728,36.4666,74.1,185.1,252.9,0,66225,33.7
1967-11-01,-0.5870185,-0.6726958,-21.9519973,47.7,14,7.32278781336701,0.111858387475294,36.9881,75.1,187.8,254.5,0,66703,33.8
1967-12-01,-0.2804057,-0.3517543,-27.1951703,103.8,11,2.10250587408438,0.1146866682797,37.3865,77.7,190.7,256.8,0,66900,33.9
1968-01-01,-0.1530897,-0.1857138,-20.2642987,63.9,15,0.941978488256496,0.123568000910854,37.3462,79.7,191.3,259.9,0,66804,34.1
1968-02-01,0.0597038,0.0335669,-14.4395087,32.1,14,-3.10579889152424,0.125462775255731,37.4801,79.5,193,261.2,0,67215,34.2
1968-03-01,-0.1007063,-0.0268847,-14.8785551,39.4,21,-0.284736966431341,0.140460382053871,37.597,83.4,196.4,264.6,0,67295,34.3
1968-04-01,-0.2032162,-0.1317903,-23.3260806,56,18,2.19184984757354,0.14525567785983,37.6515,81.4,195.8,266.8,0,67556,34.4
1968-05-01,-0.0898671,0.1344506,-28.4963171,96,28,0.41788049118534,0.149023027772723,38.0738,84,197.3,268.5,0,67652,34.5
1968-06-01,0.061819,0.3159697,-27.2637298,75.6,23,0.637016442253584,0.152945831684612,38.2137,83.8,200.3,272.2,0,67905,34.7
1968-07-01,0.3423473,0.5455076,-26.2581567,60.6,30,-0.735694588123185,0.162467859050219,38.1551,86.9,202.6,273.7,0,68126,34.9
1968-08-01,0.5877432,0.6898732,-26.7278195,45.6,24,1.54973322191466,0.17655158119152,38.2615,87.6,203.7,275.6,0,68330,35.0
1968-09-01,0.7190834,0.8771972,-29.1024863,67.6,29,0.30763118948701,0.186429091724099,38.4065,88.1,202.2,277.9,0,68484,35.1
1968-10-01,1.225926,1.301206,-26.6529313,36.6,53,-4.07073687227813,0.191312111742496,38.4827,88.1,203.5,280,0,68721,35.3
1968-11-01,1.307409,1.394241,-28.683968,53.4,52,-3.24175732754314,0.19632277910884,38.9805,87.5,207,282.3,0,68984,35.4
1968-12-01,2.093952,2.145583,-33.7924734,43.5,61,-10.9100213548985,0.208640626422653,39.1036,87.9,204.5,284.2,0,69248,35.5
1969-01-01,1.998312,2.02692,-31.2389729,37,68,-9.41746055587848,0.211967116808669,39.3402,90.1,207.3,286.1,0,69439,35.6
1969-02-01,1.846475,1.953476,-23.1050129,20.4,54,-9.9145470486067,0.233461778413887,39.5919,90.8,209.3,288.6,0,69699,35.8
1969-03-01,1.981639,2.014873,-22.7312513,12,88,-8.91196674923053,0.244096969433548,39.9024,89.1,209.9,289.8,0,69905,36.1
1969-04-01,2.40345,2.398717,-20.7974335,23.1,76,-8.18607452090457,0.253860593853195,39.7555,90.4,210.8,292.7,0,70072,36.3
1969-05-01,2.841826,2.785884,-20.0570002,22.8,72,-7.19539244265678,0.267756277660597,39.6053,90.5,213.6,296.3,0,70328,36.4
1969-06-01,2.919674,2.853589,-16.4604645,-2.5,78,-6.33780048747126,0.281003467926748,39.9922,90.5,212.3,298.1,0,70636,36.6
1969-07-01,2.855214,2.839132,-14.3762224,-11.9,34,-5.82583580587893,0.286075350025174,40.2033,88.6,214.6,299.5,0,70729,36.8
1969-08-01,2.701179,2.724491,-16.0332612,13.5,33,-3.32223468355534,0.289587085584684,40.2957,90.7,217.3,301.9,0,71008,37.0
1969-09-01,3.06335,3.07365,-16.1064003,5.7,54,-8.16496810885369,0.292518782815537,40.2867,92.6,216,304.6,0,70914,37.1
1969-10-01,2.880461,2.922301,-15.2639018,13.8,85,-6.80786164739418,0.299653785944879,40.2985,91.4,219.2,307.9,0,71121,37.3
1969-11-01,2.997555,2.977122,-13.2389236,21.1,68,-6.29686939565068,0.312466885578769,39.9186,90.7,219.3,310.5,0,71086,37.5
1969-12-01,3.196053,3.099287,-11.8075438,-4.7,71,-7.58081412444775,0.313951314362637,39.8115,90.4,220.7,311.6,0,71241,37.7
1970-01-01,2.912409,2.881581,-9.863722,8.3,76,-5.59288749803749,0.310342830139784,39.0743,89.3,224.5,314.9,1,71176,37.8
1970-02-01,2.141172,2.502489,-6.7202982,2.7,38,-4.24152335435984,0.301346459934981,39.0485,91,224,319,1,71305,38.0
1970-03-01,2.231514,2.467249,-2.4712858,-2.5,38,-8.09421074522156,0.300878765356534,38.9978,88.5,225,318.8,1,71451,38.2
1970-04-01,2.050926,2.330086,6.05073701,-10.7,34,-9.10240647309171,0.292788450503799,38.8975,90,224.7,321.4,1,71348,38.5
1970-05-01,1.728183,2.042625,8.52633699,-28.8,11,-7.44849094435144,0.268820248195688,38.8522,91.2,227.2,324.1,1,71124,38.6
1970-06-01,1.282661,1.602776,10.13041706,6.4,26,-4.27811189881347,0.262569388112166,38.7265,91.9,227.8,326.6,1,71029,38.8
1970-07-01,1.281452,1.556565,12.55899228,1.6,23,-6.63231231891738,0.261668753067271,38.8216,91.4,228.3,328.8,1,71053,39.0
1970-08-01,0.9917703,1.346561,11.95195918,-11,17,-2.10163038972326,0.251154286181254,38.7524,92.3,229.1,331.4,1,70937,39.0
1970-09-01,0.9728841,1.254047,5.33369323,3,20,-2.75542593966827,0.243069288597563,38.4852,92.3,231.7,335,1,70944,39.2
1970-10-01,0.7257711,0.9577795,9.85679292,0.3,23,0.700867960407005,0.243297734491582,37.7154,89.7,232.5,336.1,1,70521,39.4
1970-11-01,0.4716552,0.7192003,12.77646673,9.7,30,2.48188329842261,0.229864655968149,37.487,85.2,233.5,337.9,1,70409,39.6
1970-12-01,0.4362726,0.609697,14.12904527,0.8,22,0.346420844961736,0.222884141331142,38.3479,87.1,237.4,341.1,0,70792,39.8
1971-01-01,0.4643492,0.4381207,11.08790535,24.2,17,0.0269903817213624,0.220487035226605,38.6429,97.4,236.3,342.4,0,70865,39.8
1971-02-01,0.1788941,0.1844813,10.2975065,35.8,19,2.76877376337334,0.216328030487578,38.5692,97.2,236.5,345.7,0,70807,39.9
1971-03-01,-0.1187319,-0.0024777,6.76044012,9.3,32,3.54491838711191,0.207662409772349,38.5274,99.6,234.6,347.8,0,70860,40.0
1971-04-01,-0.5334037,-0.4131328,9.77851774,37.1,32,6.40639775764591,0.220874920527924,38.7438,100.3,238.1,350.4,0,71036,40.1
1971-05-01,-0.7486184,-0.6326457,9.3913132,16.3,29,9.2756241185062,0.228944901105798,38.9404,99.6,237.8,353.7,0,71247,40.3
1971-06-01,-0.8805277,-0.7467718,10.17798081,21,30,11.7310612207055,0.23816616826043,39.1037,103,240.6,356.1,0,71254,40.6
1971-07-01,-0.8853828,-0.6997347,12.44390872,-2.9,32,10.4458196398355,0.266747991899417,38.9902,101.1,239.1,358.7,0,71315,40.7
1971-08-01,-0.9515649,-0.7998408,11.21199523,41.7,31,13.0149254289869,0.273949345132223,38.7639,102.2,240.3,362.3,0,71373,40.8
1971-09-01,-0.8841634,-0.647851,11.8014299,8.9,37,14.2793200198333,0.284275512504054,39.3939,107,241.8,364.2,0,71614,40.8
1971-10-01,-1.11149,-0.7268565,13.6308672,12.7,35,12.7541773626734,0.285320504103467,39.6888,107.2,241.2,367.4,0,71642,40.9
1971-11-01,-1.244303,-0.8521877,15.29338806,19.4,49,12.9913479437963,0.286384050746285,39.8572,107.3,244,369.7,0,71847,40.9
1971-12-01,-1.239572,-0.8496044,13.54148044,24.3,48,13.3483109870354,0.287447327567088,40.3174,107.4,245.6,375.4,0,72109,41.1
1972-01-01,-1.164185,-0.6596342,9.53389444,17.8,39,11.2479765674638,0.292355216326111,41.2866,110.5,243.2,377.7,0,72441,41.1
1972-02-01,-1.200597,-0.7412874,9.85079399,27.8,38,15.4743581159532,0.299127873229626,41.68,109.3,246.6,380.3,0,72648,41.3
1972-03-01,-1.158882,-0.6032464,10.75765073,22.1,66,16.4870594227161,0.309175954264595,41.9758,112.3,251.3,385.6,0,72944,41.4
1972-04-01,-1.116901,-0.5766462,14.03903134,19.7,66,17.7771029365,0.299371903405766,42.4207,112.9,252.2,387.5,0,73162,41.5
1972-05-01,-1.053861,-0.5885652,15.66676763,5.8,49,20.1898183691848,0.306717490759548,42.3956,114.5,255.4,388.1,0,73469,41.6
1972-06-01,-0.9668985,-0.4788558,16.08103771,10.3,66,19.1622318495986,0.315109206524744,42.5178,114.8,255.3,391.4,0,73758,41.7
1972-07-01,-1.024117,-0.549038,19.00157333,0.9,32,18.3171740855228,0.291833028041654,42.5004,116.6,258,395.3,0,73709,41.9
1972-08-01,-0.994898,-0.4694774,20.53949663,20,51,20.0089873369745,0.293165013801488,43.0644,118.3,259.6,398.5,0,74141,42.0
1972-09-01,-0.8841574,-0.4052289,21.90062573,10.9,32,18.1952760108981,0.295116102240159,43.3948,117.9,262.7,400.6,0,74264,42.1
1972-10-01,-0.9267986,-0.459454,22.88691763,-1.9,43,18.8874579368295,0.301370500861413,43.9709,122,267.7,405.2,0,74674,42.3
1972-11-01,-0.9958762,-0.4086813,23.92501252,8.2,40,17.0983429571188,0.307955712818171,44.4866,123.4,267.9,409.2,0,74973,42.4
1972-12-01,-0.8514224,-0.2837058,20.46402761,-1.4,40,16.0061637530924,0.311294897156613,45.0,124.8,268.6,412.7,0,75268,42.5
1973-01-01,-0.6725332,-0.3246213,22.86814254,0.1,31,19.2418234317815,0.323955376243503,45.2914,129.3,272.5,414.7,0,75617,42.6
1973-02-01,-0.4516805,-0.1227571,25.51678834,-0.8,21,14.3218681942345,0.335353032081542,45.9647,131.9,276.2,417.7,0,76014,42.9
1973-03-01,-0.3764301,-0.1418334,26.57525585,-4.8,9,13.3005337408844,0.351233844004192,45.9868,134.3,277.6,420.8,0,76284,43.3
1973-04-01,-0.4408277,-0.2635592,26.89344798,9.7,8,11.944349758554,0.356345393478168,45.9274,132.5,279.4,423.9,0,76455,43.6
1973-05-01,-0.7822821,-0.4975839,29.60047236,-5.1,8,14.5218193487711,0.358558625643901,46.2184,133.3,280.7,427.6,0,76648,43.9
1973-06-01,-0.9181071,-0.6989624,31.63203897,-5,2,16.0561296288395,0.340893812686547,46.2516,128.1,284.1,432.1,0,76887,44.2
1973-07-01,-1.024269,-0.8216007,28.12036914,-2.9,1,16.2644833400593,0.340874293251183,46.4427,130.1,289.9,434.1,0,76913,44.3
1973-08-01,-1.054226,-0.9790875,27.3095036,2.7,6,17.0361966894145,0.337373525457025,46.3634,128.6,287.5,437.2,0,77168,45.1
1973-09-01,-1.160093,-1.065828,25.82488484,18.9,5,17.2887061945025,0.330991189427313,46.7782,133.7,292.3,443.2,0,77276,45.2
1973-10-01,-1.241443,-1.217962,25.40902854,-10.3,9,18.377222003322,0.323458421073543,47.0944,129.3,293.4,445.5,0,77607,45.6
1973-11-01,-1.413601,-1.457206,27.8037291,1.7,5,21.9649460840333,0.330627903981613,47.3422,129.1,299.1,448.7,0,77920,45.9
1973-12-01,-1.197173,-1.218994,28.24051125,.,0,16.4767521556239,0.333083765086401,47.2312,126.3,300.6,449.8,1,78031,46.2
1974-01-01,-1.369036,-1.135774,25.33176596,.,0,11.004069655058,0.304619860535252,46.9002,126.7,305,452.8,1,78100,46.6
1974-02-01,-1.527672,-1.365191,24.84669353,6.2,5,13.0845972697741,0.285741348526396,46.7547,124.8,309.3,455.6,1,78254,47.2
1974-03-01,-1.551464,-1.396411,24.5951956,-12.5,2,11.301629418826,0.260339169679013,46.768,128.5,312.3,460.7,1,78296,47.8
1974-04-01,-1.859636,-1.646813,20.41392309,.,0,15.6737788279398,0.2566731214641,46.6012,129,315.2,466.5,1,78382,48.0
1974-05-01,-1.913766,-1.749889,20.40398256,.,0,15.4020738011773,0.234369722255223,46.9779,132,318.6,471.9,1,78549,48.6
1974-06-01,-1.914407,-1.782701,22.51057705,0,2,14.3627052877386,0.229293574724885,46.9246,130.8,320.2,477,1,78604,49.0
1974-07-01,-1.901537,-1.801951,20.56789478,.,0,17.0022528789725,0.218877530874521,46.9465,133.4,324.4,480.2,1,78636,49.4
1974-08-01,-2.158196,-2.02677,17.98764658,.,0,20.6344739609623,0.210465727597397,46.4902,140.9,328.7,485.2,1,78619,50.0
1974-09-01,-1.832144,-1.778891,15.48379446,.,0,15.24697811273,0.209789636831648,46.5124,134.7,329.9,490.5,1,78610,50.6
1974-10-01,-2.134091,-2.086004,20.17574349,.,0,22.1856182122857,0.197393709895194,46.3395,131,331.5,496.7,1,78630,51.1
1974-11-01,-2.227903,-2.315684,18.57324977,.,0,24.2373025705942,0.172590342341869,44.8159,125.4,331.5,499.3,1,78265,51.5
1974-12-01,-1.892286,-1.997765,19.52898651,.,0,16.6579775904017,0.163064474027669,43.2364,125,329.7,507.1,1,77652,51.9
1975-01-01,-1.745906,-1.813446,19.25252713,-1.4,1,14.2538709127948,0.158859104113469,42.6437,129.5,334.4,511.6,1,77293,52.1
1975-02-01,-1.997838,-1.985044,20.36062208,5,1,18.5919999283487,0.153223476137133,41.6572,134.8,336.1,518.5,1,76918,52.5
1975-03-01,-1.999356,-2.007502,20.03006189,.,0,19.4359987004697,0.149269340569264,41.213,131,338.1,521.4,1,76648,52.7
1975-04-01,-1.948063,-2.01704,15.67542275,.,0,21.4539532749972,0.152237425492557,41.2483,132,336.2,526.8,0,76460,52.9
1975-05-01,-1.568301,-2.017063,16.09640028,.,0,22.4088403946695,0.171220688493796,41.154,138.1,348.8,532,0,76624,53.2
1975-06-01,-1.656703,-2.026871,15.64378621,-0.8,2,21.4551757876046,0.172159579409236,41.4216,140,349.5,537.3,0,76521,53.6
1975-07-01,-1.522452,-1.873729,14.35999825,9.1,1,19.2497934113174,0.170760337641188,41.8198,145,353.6,541.2,0,76770,54.2
1975-08-01,-1.634498,-1.881455,14.85532338,-4.1,1,21.0807594568541,0.176673263472083,42.2548,145.4,357.4,544.1,0,77153,54.3
1975-09-01,-1.701663,-1.917219,14.13882873,-7.1,3,21.4694530892993,0.179580300928905,42.7754,149.9,356.8,548.1,0,77228,54.6
1975-10-01,-1.687786,-1.816286,16.30304831,-0.1,3,18.8183775452046,0.192959835365331,42.97,148,355.7,557.1,0,77540,54.9
1975-11-01,-1.916143,-1.875713,17.05926944,0,1,21.2267728046976,0.199037072701011,43.0627,153.2,360.4,562.1,0,77685,55.3
1975-12-01,-2.135266,-1.913792,16.7112096,-8.8,1,21.5259099177573,0.202599873176918,43.5959,158.9,362.9,570.3,0,78017,55.5
1976-01-01,-2.057971,-1.759957,16.95811055,5.1,6,18.4088169741822,0.210554093968397,44.2338,161.2,369.3,576.7,0,78503,55.6
1976-02-01,-2.258131,-1.83991,14.16824016,25,1,17.6322438669821,0.219439336731689,44.6687,164.2,366,577.5,0,78816,55.8
1976-03-01,-2.276957,-1.805771,14.48068221,12.9,2,19.8581153230827,0.236254682365565,44.7103,164.5,367,583.3,0,79048,55.9
1976-04-01,-2.170923,-1.777334,14.33912601,.,0,21.737644611168,0.228727576840044,44.9525,167.6,371.3,586.5,0,79292,56.1
1976-05-01,-2.26139,-1.810363,15.2175849,-4.1,4,22.34915377407,0.229993742031129,45.1731,162.2,370.4,590.1,0,79312,56.5
1976-06-01,-2.15343,-1.760859,15.78507577,1.6,4,21.3511419753073,0.234792174585241,45.1831,167.9,377.6,595,0,79376,56.8
1976-07-01,-2.152854,-1.679178,15.9518295,9.4,4,21.474343384162,0.239875457900238,45.4519,169.7,377.9,602,0,79547,57.1
1976-08-01,-2.209857,-1.766702,17.13215608,-0.9,2,22.635091109309,0.237603922687492,45.7737,168.7,381,608.3,0,79704,57.4
1976-09-01,-2.249386,-1.798486,18.19837232,-1.6,6,22.0604931215253,0.223217448751951,45.9055,171.2,382.9,614.7,0,79892,57.6
1976-10-01,-2.185751,-1.804085,19.22213391,-6.2,1,20.7741492769243,0.212953929887167,45.922,170.9,387.3,618.5,0,79911,57.9
1976-11-01,-2.422017,-1.883289,18.00631983,-4.3,1,22.1611782545698,0.213805840445197,46.6016,173.2,388.2,627.5,0,80240,58.0
1976-12-01,-2.286561,-1.772721,18.62489897,2.1,4,19.636006348302,0.207928029238122,47.0857,182.2,393.2,636,0,80448,58.2
1977-01-01,-2.025727,-1.646713,16.6911175,-0.7,4,17.4509088593521,0.20473048548674,46.8261,177.8,394.5,642.7,0,80690,58.5
1977-02-01,-1.892686,-1.524967,16.81396885,32.8,2,17.1894786177087,0.207107782197911,47.5387,184.1,397.7,649.5,0,80988,59.1
1977-03-01,-1.803675,-1.431079,16.52027002,32.8,3,15.2448835719831,0.195446181280115,48.1302,189.9,397.1,651.3,0,81391,59.5
1977-04-01,-1.785025,-1.428358,13.87839878,90.7,5,15.4143367444817,0.196289338602565,48.578,188.9,402.1,656.4,0,81728,60.0
1977-05-01,-1.944725,-1.611428,12.58815207,-1.4,1,18.4125714500985,0.199112489509519,48.9881,188.6,404.6,663.9,0,82088,60.3
1977-06-01,-1.958674,-1.591499,11.59381576,-2.9,5,17.72477143655,0.195913784499635,49.3428,190.2,404.4,668.9,0,82488,60.7
1977-07-01,-1.88296,-1.564885,11.63168808,11.3,3,17.1903294531143,0.194075009557953,49.4131,191.7,409.8,678.9,0,82834,61.0
1977-08-01,-1.86875,-1.590775,10.91016767,17.5,2,17.0436792381129,0.192052318282042,49.4274,194.2,409,682.5,0,83075,61.2
1977-09-01,-1.841809,-1.58951,10.69861088,8.8,1,16.4558537666537,0.197464389092017,49.6665,196.1,410.9,687.6,0,83532,61.4
1977-10-01,-1.826746,-1.573193,10.65553301,11.5,4,15.521282685278,0.199047825560112,49.7589,197.1,418.8,695.5,0,83800,61.6
1977-11-01,-1.604935,-1.521006,9.18186763,12.1,2,15.2378710491517,0.214352324908592,49.8149,200.8,426.5,699.7,0,84173,61.9
1977-12-01,-1.531034,-1.487213,8.04437479,8.2,3,14.4033838465603,0.218935901249256,49.8936,204.2,425.6,706.3,0,84410,62.1
1978-01-01,-1.507866,-1.502543,6.51327136,45,3,15.4948475611823,0.224729891956783,49.2047,191.2,424.2,714,0,84594,62.5
1978-02-01,-1.472716,-1.4793,5.010942,-12.5,2,15.4809498297866,0.219000850841441,49.4519,198.5,431.2,725.4,0,84948,62.9
1978-03-01,-1.425717,-1.374802,3.60510721,-15,2,14.2801441931814,0.2158788452992,50.392,204.7,437.8,735,0,85460,63.4
1978-04-01,-1.272651,-1.160426,1.29133778,58.1,6,16.4792221192107,0.214733027872231,51.4438,213.5,438.8,744.1,0,86162,63.9
1978-05-01,-1.29328,-1.216063,-0.4864476,80,2,19.4770783899499,0.20902781974413,51.6239,217,445.7,749.3,0,86509,64.5
1978-06-01,-1.296347,-1.235281,-2.3839041,68.5,4,20.1905883047422,0.216384675128051,51.9809,218.1,449.9,757.8,0,86950,65.2
1978-07-01,-1.317221,-1.332616,-2.8306232,23.8,3,22.3811294785574,0.211724184175966,51.9572,215.3,450.7,760.8,0,87204,65.7
1978-08-01,-1.383804,-1.298949,-4.6634273,20,4,22.8391260651758,0.215841052314384,52.1531,221.8,454.3,770.8,0,87483,66.0
1978-09-01,-1.259989,-1.217668,-4.0669841,34.8,6,23.0063211977814,0.221077393785513,52.2862,213.1,461.8,777.9,0,87621,66.5
1978-10-01,-1.270026,-1.18726,2.00283788,4.4,5,22.404078606259,0.226570661218303,52.7031,220.3,461.9,784.7,0,87956,67.1
1978-11-01,-1.266703,-1.178543,0.04798464,-0.4,5,22.9267737887915,0.212095702639452,53.1001,222.3,469.5,788.8,0,88391,67.4
1978-12-01,-1.190451,-1.134156,-0.2325989,-2.7,8,23.5336955688675,0.219449152542373,53.3889,224.2,476.8,795.5,0,88671,67.7
1979-01-01,-1.007454,-0.9559739,-1.4948238,7.6,6,22.957672944421,0.216462241901768,53.0435,220.5,478.9,802.9,0,88808,68.3
1979-02-01,-1.015238,-1.007392,-2.4625374,2.5,3,23.712100823198,0.22200603708495,53.3331,224,484.3,809.5,0,89055,69.1
1979-03-01,-0.9413851,-1.062615,-5.4618594,11.3,6,24.3142081427289,0.2189229707788,53.4972,225.3,490.5,815.4,0,89479,69.8
1979-04-01,-0.8805352,-1.041607,-7.5758133,25.6,5,23.3120379654946,0.216327499660833,52.8947,222.7,489.1,826.7,0,89417,70.6
1979-05-01,-0.7983497,-0.9510597,-8.0829287,64.6,8,24.4925376092161,0.206495132292879,53.3176,224.4,499.4,835,0,89789,71.5
1979-06-01,-0.4940286,-0.7360745,-9.1144757,50.6,9,25.2758283841842,0.192397409072252,53.3158,219.3,511.7,844.7,0,90108,72.3
1979-07-01,-0.3456976,-0.5875173,-9.1366053,22.3,5,22.9885516104758,0.202213453305519,53.2432,226,511.3,848.8,0,90217,73.1
1979-08-01,-0.1888116,-0.502843,-9.8295496,0.9,5,22.1649797035769,0.207699578929277,52.8891,231.3,524.2,860,0,90300,73.8
1979-09-01,-0.0922991,-0.4699108,-9.8187398,24.7,4,21.5533315944218,0.212664230165718,52.9468,235.4,531.5,867,0,90327,74.6
1979-10-01,-0.4231892,-0.7536069,-9.3605815,4.6,11,23.7234079340299,0.206180241436869,53.2382,228.3,533.8,879.6,0,90481,75.2
1979-11-01,-0.3559471,-0.7123248,-11.292219,28,6,22.6381269603726,0.213479394987836,53.1886,229,541.1,887.2,0,90573,75.9
1979-12-01,-0.2429214,-0.6573135,-13.9761468,27.4,13,19.9318117919427,0.220056738691124,53.2612,229.9,543.3,893.1,0,90672,76.7
1980-01-01,-0.3663194,-0.7262089,-15.5711385,73.5,14,20.9158952528076,0.2236625014883,53.5021,239.6,554.2,903.5,0,90800,77.8
1980-02-01,-0.4166412,-0.7108722,-16.6127212,119.1,8,21.6339181576587,0.231195936902341,53.5079,232.9,560.2,908.3,1,90883,78.9
1980-03-01,-0.5868668,-0.5268083,-13.4171053,28.5,9,19.877332498705,0.24826350293764,53.3284,223.6,565.4,919.1,1,90994,80.1
1980-04-01,-0.4712964,-0.5724348,-12.1990757,39,9,20.5388809062451,0.248324723247232,52.2375,212.4,565.2,917.7,1,90849,81.0
1980-05-01,-0.1582484,-0.3305764,-12.6814756,21.6,13,17.5097615002717,0.247392221559627,50.9676,208.5,566.4,925.1,1,90420,81.8
1980-06-01,-0.1266474,-0.2633965,-14.2872413,13.9,18,17.2150099302901,0.241896531769608,50.3335,214.9,566.1,937.8,1,90101,82.7
1980-07-01,-0.216283,-0.2264394,-16.9957801,12.7,26,16.7524392043803,0.233857579359369,49.9417,226.7,570.3,950.1,1,89840,82.7
1980-08-01,-0.1517137,-0.2921338,-19.6163819,51.7,24,18.5146230552119,0.229627345399341,50.1226,224,579.4,960.4,0,90099,83.3
1980-09-01,-0.0350968,-0.3390272,-21.2043979,37.4,25,19.8751323451076,0.239163135108096,50.9338,225.4,579.8,975.2,0,90213,84.0
1980-10-01,-0.0175014,-0.3189383,-22.5519896,74.5,34,19.5194149958256,0.255307496239055,51.5801,236.3,588,992.8,0,90490,84.8
1980-11-01,0.0950589,-0.1292166,-21.8249222,53.3,23,17.9093160722987,0.262913852942434,52.4731,236.7,588.7,1001.4,0,90747,85.5
1980-12-01,0.412389,0.2567682,-22.8887672,69.1,35,13.5261135419292,0.278024289300495,52.7676,235.7,597,1019,0,90943,86.3
1981-01-01,0.5560931,0.3528366,-22.922043,31.9,24,17.4454740124627,0.292415486161337,52.4688,239.9,609.8,1020.4,0,91033,87.0
1981-02-01,0.8131778,0.5800104,-22.6229653,50.5,32,17.9279749924131,0.290539859422109,52.2219,247.3,614.3,1022.6,0,91105,87.9
1981-03-01,0.8744214,0.6917378,-26.0754549,37.8,39,14.573378380634,0.29073847572835,52.5009,250.9,618.1,1034,0,91210,88.5
1981-04-01,0.7272612,0.6436737,-29.646996,16.8,56,16.7446812882004,0.304556365439553,52.2665,241.7,621.5,1041.2,0,91283,89.1
1981-05-01,0.441996,0.5515262,-34.5714218,16.3,46,18.4699563739149,0.329366825557365,52.5783,239.8,620.6,1053.4,0,91296,89.8
1981-06-01,0.5348935,0.7399527,-29.9969938,13.4,62,14.6915816823646,0.365497035614091,52.8272,241.4,626.5,1066.6,0,91490,90.6
1981-07-01,0.4090696,0.5791551,-28.8764591,15.6,42,19.0292119669899,0.389373803015372,53.1722,245.2,626.5,1070.4,0,91601,91.6
1981-08-01,0.5041084,0.8243543,-26.5325355,3.6,37,18.0577172450391,0.407710625924348,53.1672,260.4,629.8,1076.5,1,91565,92.3
1981-09-01,0.515219,1.011441,-24.2630945,2.2,20,14.9388971952218,0.407337702092923,52.8548,250.2,631.1,1084.3,1,91477,93.2
1981-10-01,0.6294612,1.076527,-26.1694946,2.4,37,18.6005698492045,0.402323630956362,52.4951,237.3,633.4,1093.2,1,91380,93.4
1981-11-01,0.8789541,1.214069,-22.8978479,5.9,27,15.4715684984354,0.376208310440714,51.8972,237,633.7,1100,1,91171,93.7
1981-12-01,1.174429,1.439078,-22.8103316,4.7,28,12.7366089460586,0.362175136803303,51.3277,236.3,640,1112.5,1,90895,94.0
1982-01-01,0.9243165,1.273454,-22.8546893,6.2,15,14.8943722291997,0.369537651736217,50.3077,241,637.3,1118.8,1,90565,94.3
1982-02-01,0.8028033,1.387754,-21.5106277,2,14,10.8778907447864,0.377115359043387,51.2996,249.3,643.4,1128.5,1,90563,94.6
1982-03-01,0.8998477,1.517518,-20.4692944,0.2,13,8.90174193262633,0.374978935661083,50.9105,249,638.9,1136.2,1,90434,94.5
1982-04-01,0.704177,1.399229,-21.8356942,21.6,18,10.8967031147434,0.385959861819378,50.459,244.9,637.5,1144,1,90150,94.9
1982-05-01,0.8661334,1.459001,-20.4050574,2.1,19,10.4642837047379,0.380276490544834,50.1366,256.8,638.6,1149.1,1,90107,95.8
1982-06-01,0.8668177,1.359674,-19.6124679,29.9,14,6.93783984149773,0.371688828394932,49.969,246,640,1162,1,89865,97.0
1982-07-01,0.7271402,1.193735,-18.5348957,-0.9,14,8.95426069899332,0.371086947704731,49.8127,247.8,652.6,1171.9,1,89521,97.5
1982-08-01,0.400927,0.9785058,-18.0942372,0.3,11,9.6645639714802,0.355746204348633,49.378,248.6,647,1184.5,1,89363,97.7
1982-09-01,0.1961807,0.8456762,-17.4619769,7.1,16,10.1119456509158,0.345900487685682,49.2276,260,649.6,1195.1,1,89183,97.9
1982-10-01,0.1411617,0.7779434,-21.4788442,22.2,22,9.28791285362166,0.337758369112229,48.785,254.1,656.5,1215.2,1,88907,98.2
1982-11-01,0.0572634,0.8307424,-25.6934104,60.7,22,4.94105057119389,0.355984350269796,48.5953,268.1,655,1226.2,1,88786,98.0
1982-12-01,0.2068152,0.8485991,-25.617884,31.5,44,2.43661220634949,0.364753902706832,48.2401,270.8,658.8,1232,0,88771,97.6
1983-01-01,0.1762682,0.6767235,-30.1906896,32.6,24,5.85431667776915,0.353521108633018,49.1748,268.3,655.1,1250.6,0,88990,97.8
1983-02-01,0.1610674,0.545817,-30.9569018,22.1,41,7.37183325533106,0.360134405376215,48.8671,266.8,652.9,1257.3,0,88917,97.9
1983-03-01,-0.0674093,0.3697806,-30.674548,32.8,60,11.0018747400381,0.377643984349056,49.2655,271.6,663.1,1268.1,0,89090,97.9
1983-04-01,-0.036934,0.4636881,-23.9958194,34,43,9.95610512621569,0.372476921138977,49.8681,281.7,665.3,1279.4,0,89364,98.6
1983-05-01,-0.1685132,0.4025822,-28.235014,44,68,11.1459648484739,0.368308186634374,50.207,288.8,672.7,1284.3,0,89644,99.2
1983-06-01,-0.0992123,0.4910389,-30.6402702,48.2,85,11.0015023691222,0.387935487573896,50.508,298.2,681.1,1296.7,0,90021,99.5
1983-07-01,0.0230436,0.6636804,-28.3887719,28.3,95,7.7671604174606,0.394976840104512,51.274,303.4,686.3,1314.7,0,90437,99.9
1983-08-01,-0.0205565,0.687465,-26.0746311,12.5,104,10.0875981443627,0.405507649361256,51.8458,301.2,688.2,1331.1,0,90129,100.2
1983-09-01,0.1079781,0.821964,-25.5455923,12,84,8.98656118862536,0.415382407805998,52.6317,302.6,690.8,1341.5,0,91247,100.7
1983-10-01,0.651336,1.373528,-20.6697192,7.5,86,2.13835535086766,0.428232663801858,53.0647,313.7,693.8,1350.1,0,91520,101.0
1983-11-01,0.9827865,1.651958,-22.0404109,6.6,84,3.30172303954249,0.429933493637059,53.2564,315.9,696.5,1353.9,0,91875,101.2
1983-12-01,1.126431,1.853173,-21.7588666,2.5,109,2.93395823529939,0.43000775329515,53.5313,328.3,699.2,1366.1,0,92230,101.3
1984-01-01,1.763084,2.26562,-19.8305641,12.6,67,-1.44929795317338,0.416359555009986,54.5975,336.8,710.5,1372,0,92673,101.9
1984-02-01,1.953685,2.400542,-21.1738292,10.8,61,-3.28115938781117,0.396128742457566,54.8377,328.7,701.5,1373.3,0,93157,102.4
1984-03-01,1.901329,2.341887,-19.9719644,11.5,56,-1.08164268249807,0.376028544382145,55.1047,328.8,707.4,1395.5,0,93429,102.6
1984-04-01,1.644782,2.046725,-20.8464275,13.1,39,1.68153094903127,0.362822953734045,55.4593,336,716.6,1404.9,0,93792,103.1
1984-05-01,1.937115,2.321937,-20.366094,8.9,50,-0.225603849379162,0.35880624326399,55.7123,341.7,719.7,1413.1,0,94098,103.4
1984-06-01,1.938099,2.313416,-20.267624,7.2,49,1.33552910139297,0.323128684239795,55.9079,346.1,730.9,1418.6,0,94479,103.7
1984-07-01,1.86589,2.198719,-18.5611694,14.8,39,0.253723513134228,0.292375549451794,56.0852,341.5,720.2,1432.9,0,94789,104.1
1984-08-01,1.674145,1.854764,-19.1332525,8.2,51,3.15636652087617,0.265121342163759,56.1353,339.7,721.9,1450.6,0,95032,104.5
1984-09-01,1.726829,1.797207,-17.9132792,10.4,28,1.0009981222442,0.24133721003411,56.034,345,731.7,1457.2,0,95344,105.0
1984-10-01,1.414994,1.441802,-16.5857913,16.4,40,2.96330823613315,0.213319288141694,55.9427,343,728.7,1459.5,0,95629,105.3
1984-11-01,1.423857,1.440172,-14.3377747,14,40,0.60442897332203,0.192582270530603,56.1631,358.4,736.7,1476.3,0,95982,105.3
1984-12-01,1.18581,1.224504,-15.9463325,12.3,32,1.14955637207194,0.170737412378991,56.2299,360.1,732.9,1489.7,0,96107,105.3
1985-01-01,1.000155,1.107179,-18.3077784,13.5,30,1.07596598096117,0.166263405456256,56.1365,365.5,737,1516.2,0,96372,105.5
1985-02-01,0.8362221,0.9820496,-18.4710498,19.6,26,3.42485703216905,0.168625545284,56.3356,364.9,745.7,1530.2,0,96503,106.0
1985-03-01,0.8725258,0.904055,-17.410422,29.3,39,3.07268849500071,0.159131392925538,56.4232,373.6,744.4,1530.4,0,96842,106.4
1985-04-01,0.9297755,0.9005381,-15.0260793,7,40,3.24160323173975,0.15964044035956,56.2716,365.7,754,1539.8,0,97038,106.9
1985-05-01,0.7836207,0.8160825,-14.1847531,23.2,40,3.3141118564266,0.158164588181726,56.3525,384.3,753.9,1558.2,0,97312,107.3
1985-06-01,0.6403146,0.6931332,-13.5905109,14.6,40,3.8962949717372,0.157690581522088,56.3903,369.7,750.4,1569.3,0,97459,107.6
1985-07-01,0.6189306,0.6276823,-14.9806875,14.4,45,3.56094392049325,0.163443364194038,56.0242,376.3,755.2,1584.1,0,97648,107.8
1985-08-01,0.6394165,0.7141165,-14.1119055,4.9,46,1.73125041950121,0.166357943018435,56.2533,390.3,761.2,1600.6,0,97840,108.0
1985-09-01,0.548512,0.710115,-12.6293657,14.9,44,1.36408943189565,0.167312497980375,56.4939,422.7,765,1606.9,0,98045,108.3
1985-10-01,0.5553521,0.6322588,-11.6584416,3.6,65,3.3585631994494,0.169099389754555,56.261,379.2,766,1610.6,0,98233,108.7
1985-11-01,0.5474923,0.5743992,-12.6840751,7.8,49,3.87735433946575,0.168026749627739,56.4503,380.8,775.2,1615.1,0,98443,109.0
1985-12-01,0.6268846,0.6946782,-13.0836271,5.6,43,3.4854840570948,0.176455390546979,57.0454,391.2,778.9,1641.2,0,98609,109.3
1986-01-01,0.8217106,0.8319594,-15.1841602,4.7,37,1.80971341346715,0.174477704996027,57.3112,401.4,784.4,1641.3,0,98732,109.6
1986-02-01,0.6822968,0.7169055,-15.3356032,11.9,52,5.58402401593071,0.16687337342593,56.9304,389.4,776.7,1654.2,0,98847,109.3
1986-03-01,0.5910664,0.6967575,-14.308272,24.8,71,7.1000504145174,0.166470366531612,56.5414,384.1,776.7,1662.8,0,98934,108.8
1986-04-01,0.4326411,0.6244225,-15.3183572,16.3,48,7.02305522440924,0.161276215443279,56.5654,404,761.4,1669.8,0,99121,108.6
1986-05-01,0.4877979,0.6589808,-15.4890422,14.1,88,7.994009841994,0.167317505514983,56.685,414.2,768.6,1674.7,0,99248,108.9
1986-06-01,0.5509775,0.6500861,-14.0742856,10.9,122,10.4183401410859,0.164747448749361,56.4959,403.7,772.3,1685.7,0,99155,109.5
1986-07-01,0.7485694,0.8903266,-11.7960511,8.8,95,7.20220452270292,0.161947998172521,56.8096,415.9,771.6,1693.7,0,99473,109.5
1986-08-01,0.8783717,0.9872478,-10.7453287,8.2,92,5.62127819297416,0.163047679749985,56.7348,434.4,768.5,1695.7,0,99588,109.7
1986-09-01,0.8768258,1.069122,-10.6275194,16.8,67,3.61792046618486,0.161590814723882,56.8483,486.8,773.1,1711.9,0,99934,110.2
1986-10-01,0.9828882,1.103692,-10.8232768,3.9,86,1.96140648355635,0.160304989971664,57.1179,434.9,778.3,1719.7,0,100121,110.3
1986-11-01,1.130725,1.247387,-10.2660521,6.7,90,0.166519397217659,0.164337167511248,57.3826,420,775.2,1733.2,0,100308,110.4
1986-12-01,1.20774,1.290423,-11.075436,3.3,105,0.917942273987426,0.16473415536112,57.8627,468.5,783.5,1745.1,0,100509,110.5
1987-01-01,1.287243,1.255289,-13.1920912,15.3,38,2.75466891363814,0.160208456864334,57.6873,399.7,782.9,1752.9,0,100678,111.2
1987-02-01,1.106486,1.118264,-16.6327848,10.8,58,5.98398205567909,0.158555712890051,58.4361,427,805.8,1769,0,100919,111.6
1987-03-01,1.059172,1.061882,-16.0899555,14.6,73,7.12281239429461,0.169561061542728,58.5202,428.8,803.5,1781,0,101164,112.1
1987-04-01,1.059989,1.092584,-13.2674622,9.4,57,7.67630293332648,0.170845811064464,58.8852,437.6,809,1792.2,0,101499,112.7
1987-05-01,0.975588,0.9875069,-13.315766,7.5,51,8.89451550167331,0.17155290703984,59.2656,434,812.4,1802,0,101728,113.1
1987-06-01,0.8406955,0.901102,-11.2782913,9.7,80,8.58654352232965,0.17389135678648,59.5423,445.7,815.4,1811.6,0,101900,113.5
1987-07-01,0.6904966,0.7622162,-9.8680134,13.9,84,9.96286434003537,0.175301945130564,59.956,452.4,817.3,1825,0,102247,113.8
1987-08-01,0.4987918,0.6268582,-10.6471135,9.2,63,11.382821964064,0.173695311466172,60.4517,468.9,822.5,1839.4,0,102420,114.4
1987-09-01,0.5749894,0.6594147,-11.5089291,8.5,60,10.4889795282241,0.174297445261433,60.6087,460.3,822.2,1844,0,102647,115.0
1987-10-01,0.3586679,0.5407542,-5.1939771,4.9,38,11.8603684010119,0.172772247926992,61.4886,443.1,824.2,1867.3,0,103138,115.3
1987-11-01,0.4574493,0.5715929,-5.8754507,11.6,21,8.46755977828161,0.16154303064568,61.8151,447.4,826.2,1870.6,0,103372,115.4
1987-12-01,0.0861263,0.263537,-7.6551983,4.2,7,12.7,0.150406824960953,62.1113,459.4,830,1884.7,0,103661,115.4
1988-01-01,0.0674929,0.2675797,-4.3251689,5.64,12,13.4,0.149584581138674,62.1393,470.3,832.2,1911.3,0,103753,115.7
1988-02-01,0.1371532,0.3092971,-4.7755002,17.06,14,13.3,0.149669670682325,62.41,468.7,832.7,1920.1,0,104214,116.0
1988-03-01,0.0250383,0.1781106,-7.5803392,4.7,19,13.82,0.137083513874755,62.5464,472.4,850.3,1937.9,0,104489,116.5
1988-04-01,-0.0556015,0.0164153,-7.5755871,12.29,19,14.28,0.133005260286673,62.8992,467.8,849.2,1946.1,0,104732,117.1
1988-05-01,-0.039226,-0.002784,-6.2320676,8.62,24,13.49,0.123594835347929,62.8182,474.7,854.4,1964.6,0,104962,117.5
1988-06-01,-0.1837167,-0.0987462,-7.9442219,15.77,26,12.75,0.117339411520928,62.9776,477.3,857.1,1984.2,0,105326,118.0
1988-07-01,-0.2441375,-0.200829,-6.3161859,6.96,24,12.73,0.118205246885527,63.004,472.4,864.7,2005.7,0,105550,118.5
1988-08-01,-0.2319429,-0.2361961,-5.8686586,6.76,20,12.65,0.114574280226076,63.2781,470.1,871.6,2026.2,0,105674,119.0
1988-09-01,-0.1459942,-0.3127671,-4.7762975,7.61,11,13.19,0.108604325501789,63.108,468.7,876,2030.3,0,106013,119.8
1988-10-01,-0.3513482,-0.4779835,-2.1840715,14.87,25,12.82,0.106591989796626,63.4145,477.9,883.9,2051.9,0,106276,120.2
1988-11-01,-0.3655961,-0.4691436,-2.0411969,6.88,13,13.02,0.112320752787154,63.5171,481.8,888,2060.4,0,106617,120.3
1988-12-01,-0.246703,-0.4109452,-4.1621031,6.67,20,13.7,0.114644401178443,63.8207,498.9,887.1,2073.8,0,106898,120.5
1989-01-01,-0.3449534,-0.4494762,-4.8840829,5.63,8,12.17,0.114252917596698,64.0114,496.2,902.6,2085,0,107161,121.1
1989-02-01,-0.3434871,-0.470301,-6.1937548,17.07,13,12.96,0.113581730483562,63.7241,481.3,900.5,2106.3,0,107427,121.6
1989-03-01,-0.2957532,-0.4627838,-5.8063129,29.61,11,13.68,0.1020245142916,63.8694,481.9,904.5,2112.3,0,107621,122.3
1989-04-01,-0.2188123,-0.4456376,-11.2644864,15.52,12,13.15,0.0992276041432066,63.9217,500.4,920.6,2122,0,107791,123.1
1989-05-01,-0.2208032,-0.499098,-11.9461469,16.34,24,13.43,0.0931932028117336,63.4806,487.6,930.2,2134,0,107913,123.8
1989-06-01,-0.0634096,-0.3755142,-11.7564415,6.19,17,11.63,0.0912092678142629,63.5122,492,932.5,2142.1,0,108027,124.1
1989-07-01,-0.127009,-0.4779811,-9.7155225,3.09,18,12.17,0.0910752427276007,62.9479,497.4,932.6,2155.7,0,108069,124.4
1989-08-01,-0.1761936,-0.5210576,-10.9981434,31.87,15,12.63,0.088552447153544,63.5199,518.7,935,2166.9,0,108120,124.6
1989-09-01,-0.2081195,-0.5092418,-12.577315,14.3,13,11.75,0.0884589300611927,63.2966,500.8,941.2,2179.8,0,108369,125.0
1989-10-01,-0.2427042,-0.5314921,-10.5259324,13.69,17,11.11,0.0906153601297154,63.2481,493.9,943,2196.7,0,108476,125.6
1989-11-01,-0.1897604,-0.4868352,-9.1220975,8.48,31,10.34,0.0933850015670958,63.4576,490.1,948.6,2204.6,0,108752,125.9
1989-12-01,-0.0558675,-0.3309666,-7.5593939,2.61,25,8.38,0.0977872384359144,63.8477,491.6,962.4,2230.1,0,108836,126.1
1990-01-01,0.0676355,-0.3010377,-6.7957535,18.11,12,8.3,0.101055083915403,63.4171,536.4,965.3,2229,0,109197,127.4
1990-02-01,0.1004077,-0.2750662,-7.9733869,17.89,13,8.51,0.102247097620015,64.0517,505.9,975.7,2246.6,0,109435,128.0
1990-03-01,0.0741176,-0.2368647,-9.0831163,20.31,19,8.6,0.11396147251387,64.3607,503.8,981.5,2269.6,0,109644,128.7
1990-04-01,0.1686566,-0.0289207,-8.839537,8.52,22,7.82,0.115986189396618,64.2562,505.7,976.5,2287.8,0,109688,128.9
1990-05-01,0.0451205,-0.1056048,-10.1356578,26.22,19,10.34,0.118578073495842,64.3971,495.3,977.4,2303.1,0,109839,129.2
1990-06-01,0.0465695,-0.1024939,-10.6586279,21.01,22,9.78,0.117955825681415,64.6064,494.3,988.6,2321.6,0,109857,129.9
1990-07-01,-0.0708554,-0.1780986,-7.086419,6.99,24,10.09,0.110479014337253,64.5289,496.3,991.1,2334.3,0,109824,130.4
1990-08-01,-0.0663108,-0.0615503,-4.6564076,4.35,15,9.34,0.107921659267772,64.7258,489.3,1004.2,2354.8,1,109617,131.6
1990-09-01,-0.3884398,-0.0572072,-2.1172951,25.42,7,10.07,0.102931133145191,64.8148,495.1,1014.1,2361,1,109520,132.7
1990-10-01,-0.3116357,-0.0606415,-0.1096792,0.42,4,8.4,0.0964958183823632,64.3264,486.1,1016.3,2368.1,1,109367,133.5
1990-11-01,-0.3220318,-0.1644429,-1.1732464,3.39,5,8.76,0.0854457960202796,63.5713,482.7,1023.5,2365.7,1,109213,133.8
1990-12-01,-0.2267458,-0.1944534,-1.4946154,9.93,10,7.49,0.0783453263859412,63.1589,474,1016.5,2370.8,1,109167,133.8
1991-01-01,-0.4087645,-0.2375561,-4.8667324,45.35,4,7.88,0.0726550421161004,62.8801,452.7,1013,2375.3,1,109056,134.6
1991-02-01,-0.2861654,-0.1565974,-5.585622,29.79,7,6.61,0.0663725204855578,62.452,467,1010.9,2388.8,1,108735,134.8
1991-03-01,-0.3208487,-0.2102382,-7.8013722,23.06,18,8.2,0.0640889617308713,62.12,495.4,1018.6,2399,1,108576,135.0
1991-04-01,-0.1578114,-0.1891765,-6.2436587,11.39,28,7.64,0.0722345226735788,62.25,474.4,1017.2,2415.4,0,108367,135.2
1991-05-01,0.2537354,-0.0847924,-6.024116,15.71,28,6.92,0.0839878782712431,62.8714,473.5,1026.7,2432.9,0,108251,135.6
1991-06-01,0.3202831,8.5e-06,-5.3253024,8.53,47,6.9,0.0908621478619478,63.4441,477.8,1021.3,2441.4,0,108337,136.0
1991-07-01,0.1809866,-0.1367799,-6.2785316,9.27,38,8.26,0.0905530981824103,63.5106,485.4,1025.2,2455.5,0,108292,136.2
1991-08-01,0.1382178,-0.2349888,-7.7689999,15.24,35,8.83,0.101353297613215,63.5623,479.8,1026.4,2463,0,108313,136.6
1991-09-01,0.0802299,-0.1924519,-9.986003,14.97,23,7.08,0.110197268111728,64.1234,487.9,1021.6,2475.2,0,108338,137.2
1991-10-01,0.0514368,-0.1697982,-11.3781421,12.91,46,6.76,0.126108691491061,64.0179,474.1,1018.4,2483.5,0,108357,137.4
1991-11-01,0.1296877,0.0196443,-11.5248951,14.78,51,4.85,0.142399599136006,63.9427,477.3,1022.6,2503.6,0,108297,137.8
1991-12-01,0.1842355,0.1214785,-13.486927,14.38,42,4.55,0.152766952455183,63.6923,480.9,1021,2518.6,0,108330,137.9
1992-01-01,0.3432454,0.2500222,-17.3958814,21.26,42,5.28,0.158597020349581,63.3372,495.6,1040,2549.1,0,108372,138.1
1992-02-01,0.3981761,0.4086246,-18.3470136,22.37,46,3.64,0.172452821792453,63.7864,501.3,1038.6,2559.7,0,108313,138.6
1992-03-01,0.4556317,0.586534,-16.1339695,15.37,67,2.71,0.177365485573261,64.3199,491.7,1034.4,2590.9,0,108368,139.3
1992-04-01,0.4660767,0.5133355,-5.1652969,4.51,45,4.02,0.177823922811001,64.8069,490,1043.3,2598.2,0,108523,139.5
1992-05-01,0.51564,0.5029137,-4.5006358,4.55,48,3.88,0.174091631657147,65.0202,501.9,1048.4,2608,0,108652,139.7
1992-06-01,0.552099,0.5118189,-3.4443905,3.75,44,2.2,0.175664741031073,65.0309,511,1049.9,2616.1,0,108719,140.2
1992-07-01,0.4952904,0.4978485,-3.5046421,6.1,34,3.02,0.175683134948552,65.6155,507.2,1056.2,2641.3,0,108794,140.5
1992-08-01,0.60058,0.5842369,-2.8583311,6.5,36,2.29,0.173461275377397,65.2948,511.9,1061.3,2647.7,0,108929,140.9
1992-09-01,0.6578159,0.6489629,-4.720819,12.54,22,2.06,0.168856934081806,65.4461,517.1,1065.6,2672.5,0,108963,141.3
1992-10-01,0.5986345,0.6119605,-7.8350037,11.94,51,3.78,0.16369117882155,65.9387,522.7,1073.9,2688.1,0,109144,141.8
1992-11-01,0.6175703,0.6579433,-10.6152445,18.48,27,2.1,0.154852088842762,66.2219,514.1,1071.5,2714.9,0,109277,142.0
1992-12-01,0.7072105,0.7611774,-12.1932812,19.58,47,1.2,0.150194881769174,66.2778,532.4,1079,2725,0,109499,141.9
1993-01-01,0.7341092,0.8056253,-13.9359095,11.85,22,2.09,0.143232079309587,66.565,538.1,1078.5,2724.1,0,109799,142.6
1993-02-01,0.8613247,0.871466,-10.5036061,18.67,36,1.19,0.136281497466203,66.8562,524.2,1081.4,2749.7,0,110047,143.1
1993-03-01,0.9291713,0.7730367,-12.2873574,16.9,62,1.78,0.135153643050093,66.7661,521.2,1077.5,2753.8,0,109999,143.6
1993-04-01,0.549239,0.418533,-7.1337747,13.75,31,2.05,0.132525238288201,66.9976,543,1082.4,2768,0,110302,144.0
1993-05-01,0.4200139,0.2961258,-9.4290505,18.41,48,3.94,0.133878795807771,66.7645,552,1091.7,2778.7,0,110573,144.2
1993-06-01,0.3129071,0.2636187,-10.6426474,20.22,57,4.2,0.129711343315312,66.8782,548.6,1084.9,2806.5,0,110752,144.4
1993-07-01,0.4370176,0.3013883,-11.397943,12.3,58,3.97,0.131706334537563,67.0843,558.6,1091.9,2818.5,0,111057,144.4
1993-08-01,0.2941574,0.2384474,-13.2295221,11.96,54,5.22,0.132509849498819,67.0144,551.5,1090.4,2839.2,0,111211,144.8
1993-09-01,0.3665208,0.3013469,-16.3794225,18.09,47,5.81,0.135576465433371,67.3337,559.8,1095.3,2856.4,0,111452,145.1
1993-10-01,0.5353006,0.461137,-14.8701551,18.98,58,4.26,0.135758967211296,67.8513,568.9,1100.2,2863.7,0,111737,145.7
1993-11-01,0.763208,0.6127183,-13.2853787,11.53,78,4.03,0.140739488253814,68.1384,574.2,1107.2,2872.7,0,111990,145.8
1993-12-01,0.7764879,0.6501868,-15.2024184,11.24,76,5.26,0.144115071813451,68.5029,578.3,1108.5,2884.3,0,112319,145.8
1994-01-01,0.794523,0.6872206,-15.3786566,12.7,26,5.41,0.14518872900519,68.7602,579.6,1109.9,2895.6,0,112601,146.2
1994-02-01,0.7423151,0.6081855,-16.4598824,16.9,62,5.55,0.147874946358518,68.7808,593.3,1117.8,2921.5,0,112785,146.7
1994-03-01,0.6465729,0.5535935,-15.2793279,12.8,61,7.98,0.149466919797607,69.4762,593.6,1122.8,2929.6,0,113248,147.2
1994-04-01,0.5311766,0.4845392,-9.0598004,17.2,48,7.25,0.150751768961845,69.8715,607,1126.1,2938,0,113592,147.4
1994-05-01,0.6107315,0.6139287,-7.4072382,7.2,71,7.15,0.146119486839277,70.2259,588.9,1124,2956.7,0,113928,147.5
1994-06-01,0.7707162,0.7201184,-5.9982507,7.9,53,6.26,0.147342576478591,70.6759,600.3,1134.2,2974.4,0,114242,148.0
1994-07-01,0.6993496,0.6410887,-5.3719833,11,41,8.01,0.14490965400442,70.7851,602.1,1139.3,2979.3,0,114613,148.4
1994-08-01,0.7537705,0.6688624,-7.695357,11.7,43,8.34,0.140759661945216,71.2069,612,1155,2995.7,0,114902,149.0
1994-09-01,0.7741854,0.6760838,-8.7152892,22.1,37,10.04,0.137469743698264,71.4768,613.8,1154.5,3006.7,0,115251,149.4
1994-10-01,0.5872819,0.5410289,-9.0217504,17.6,46,12.01,0.133111638665136,72.0827,629.6,1161.1,3022.2,0,115464,149.5
1994-11-01,0.560766,0.536442,-9.167561,19.4,44,9.74,0.128397066969758,72.5328,635.1,1159.1,3031.4,0,115876,149.7
1994-12-01,0.4535778,0.4057166,-9.2114283,8.2,36,12.14,0.120390284740425,73.2862,630.7,1168.8,3042.1,0,116171,149.7
1995-01-01,0.5436773,0.4601345,-7.4608083,13.2,18,10.78,0.121804208992494,73.4173,623.6,1173,3054.7,0,116508,150.3
1995-02-01,0.5158744,0.4775873,-8.1713016,19.8,37,10.32,0.116905723164431,73.3112,613,1161,3076.7,0,116702,150.9
1995-03-01,0.3723645,0.3295726,-9.0217696,23.2,29,11.65,0.106801697800147,73.4086,627.2,1166.6,3091.6,0,116913,151.4
1995-04-01,0.2203783,0.1208118,-3.6906172,18.8,31,11.96,0.103037326688071,73.3603,613.2,1168.4,3108.7,0,117076,151.9
1995-05-01,0.1071494,-0.0111498,-3.317229,24,35,12.57,0.105909725971734,73.6079,624.8,1178.5,3129.8,0,117056,152.2
1995-06-01,0.0559765,-0.0570157,-7.5513379,18.5,55,12.08,0.104457809550375,73.8595,642.8,1184.1,3150.6,0,117293,152.5
1995-07-01,-0.0145505,-0.1183737,-10.6809754,21.8,50,13.52,0.105903908505852,73.5675,631,1182.9,3156.3,0,117386,152.5
1995-08-01,0.0143867,-0.0015358,-11.9090881,25.4,53,12.59,0.11124776102175,74.4969,645.3,1178.6,3181.4,0,117642,152.9
1995-09-01,0.1098494,0.0546847,-11.0472846,18.1,35,11.96,0.114310055388327,74.7941,651.3,1189.5,3179.6,0,117881,153.2
1995-10-01,0.1755914,0.0865021,-8.9967328,12.5,62,11.97,0.120493260015251,74.7015,638.1,1181.5,3194.3,0,118038,153.7
1995-11-01,0.2472333,0.1757512,-8.6916964,26.5,84,11.51,0.120049271966691,74.8864,650.6,1191.5,3213.4,0,118182,153.6
1995-12-01,0.3257557,0.2242069,-8.4457901,18.7,77,11.59,0.121240719657063,75.1739,668,1201.9,3227.5,0,118328,153.5
1996-01-01,0.4283193,0.2779117,-7.3963679,20.47,29,9.59,0.122648982409046,74.6833,645.8,1200.1,3239.8,0,118323,154.4
1996-02-01,0.4057864,0.2864751,-9.9632675,18.94,65,10.87,0.12650310101175,75.8433,663.2,1209.3,3260.3,0,118744,154.9
1996-03-01,0.4815016,0.3546684,-9.7630105,17.68,73,11.45,0.133002038226424,75.7631,670.4,1224.1,3278.8,0,119001,155.7
1996-04-01,0.3925071,0.267537,-15.3664791,31.26,67,11.54,0.146704255695538,76.4596,679.5,1237.5,3290.9,0,119168,156.3
1996-05-01,0.4344348,0.3334506,-16.6860506,27.95,94,12.68,0.157129183983325,77.0169,680.1,1238,3305.7,0,119496,156.6
1996-06-01,0.6426237,0.5495706,-14.0104546,14.53,87,12.16,0.167110722017976,77.6676,669.4,1243.1,3317.3,0,119778,156.7
1996-07-01,0.7202398,0.6414926,-9.5320368,10.55,66,13.03,0.172553237935221,77.5653,672.9,1244.3,3334.7,0,120020,157.0
1996-08-01,0.9026813,0.7710406,-12.256454,9.23,58,11.71,0.17310154856205,78.0121,681.7,1246.2,3347.1,0,120207,157.3
1996-09-01,0.8537785,0.7645589,-14.0657081,20.14,59,11.85,0.174167316693516,78.5488,683.6,1249,3364,0,120418,157.8
1996-10-01,0.8887146,0.7540684,-10.7037271,11.21,106,11.9,0.181308920713327,78.506,688.8,1263.2,3376.4,0,120674,158.3
1996-11-01,0.8550021,0.7372164,-10.2707747,11.49,81,12.83,0.193111158151955,79.1955,692.2,1266.5,3392.5,0,120969,158.6
1996-12-01,0.8705939,0.8083504,-11.0153405,10.7,60,11.06,0.19866586409042,79.7144,687.8,1275.2,3415.6,0,121152,158.6
1997-01-01,0.7968428,0.8063369,-11.5061317,11.9,34,10.91,0.205036446490038,79.8239,703.3,1272.1,3435.7,0,121372,159.1
1997-02-01,0.9039052,0.8673645,-7.1076233,10.5,62,10.76,0.203370988367106,80.7816,702,1283.1,3448.9,0,121682,159.6
1997-03-01,0.8483025,0.833761,-6.336283,9.7,39,10.19,0.198397486927624,81.3388,711.5,1287.8,3454.9,0,121999,160.0
1997-04-01,0.9997706,1.005301,0.78353474,8.4,31,9.14,0.186949560287618,81.3611,697.5,1278.6,3483.3,0,122296,160.2
1997-05-01,0.8565722,0.8704057,-3.5891009,19.5,41,11.71,0.178272222632588,81.8326,690.2,1273,3497,0,122557,160.1
1997-06-01,0.8326264,0.7795012,-2.9205891,14.8,63,10.91,0.169544673050429,82.2309,702.1,1281.6,3510.6,0,122825,160.3
1997-07-01,0.5538882,0.5730353,-5.5263922,16,54,11.8,0.164977181128461,82.85,715.7,1291.1,3542,0,123119,160.5
1997-08-01,0.648078,0.6878368,-10.123356,14.7,46,9.93,0.15972641029906,83.7172,732.6,1297.7,3556.7,0,123099,160.8
1997-09-01,0.7938575,0.8177737,-12.3046724,23.1,52,7.94,0.158066443398873,84.4629,720,1303.2,3578.5,0,123594,161.2
1997-10-01,0.4948224,0.6160576,-10.5992398,19.2,65,8.8,0.15484294688378,85.1968,724.7,1303.9,3609.1,0,123940,161.6
1997-11-01,0.5804003,0.6550593,-6.535902,7.4,80,6.85,0.149476597013347,85.9458,740.8,1312.7,3607.6,0,124246,161.5
1997-12-01,0.6336278,0.6906624,-4.9026624,7.6,35,5.27,0.142700116697415,86.2054,746.1,1306.8,3639.2,0,124559,161.3
1998-01-01,0.5795617,0.6513467,-4.8631243,10.6,17,5.62,0.133552581911614,86.6558,733,1309.4,3647.4,0,124823,161.6
1998-02-01,0.3861542,0.4568591,-7.4114792,15.5,45,6.5,0.134021529367137,86.7556,739.4,1306.5,3677.9,0,125024,161.9
1998-03-01,0.277263,0.3903036,-8.7260349,17.7,34,7.36,0.139570153525334,86.8196,740.7,1304.1,3705.5,0,125174,162.2
1998-04-01,-0.0159942,0.080843,-5.0868295,22.7,38,9.33,0.141431151076087,87.1345,758.1,1313.6,3716.4,0,125453,162.5
1998-05-01,0.1040419,0.2026114,-1.510302,11.6,46,8.63,0.144692201169526,87.6936,778.3,1317.7,3741.9,0,125855,162.8
1998-06-01,0.0442198,0.1577372,-4.043592,9.8,56,9.21,0.146708886579113,87.1421,771.3,1328.4,3771.9,0,126087,163.0
1998-07-01,0.2725537,0.3032969,-2.8398256,17,44,7.46,0.145314171658178,86.8414,769.4,1334.1,3786.4,0,126213,163.2
1998-08-01,0.3007255,0.3669758,4.95873305,13.6,19,8.13,0.143323644502885,88.6266,784.9,1333.2,3806.9,0,126551,163.4
1998-09-01,0.2584029,0.312775,0.63681083,82.2,3,9.41,0.135030969820472,88.4562,800.9,1337.2,3827.6,0,126764,163.6
1998-10-01,0.1930684,0.2033747,2.49133321,14.1,3,9.37,0.129711320439384,89.1686,819.4,1344.8,3834.5,0,126968,164.0
1998-11-01,0.0277882,0.0102589,1.09026323,55.8,17,8.96,0.121296836489732,89.1127,817.9,1354,3843.5,0,127243,164.0
1998-12-01,-0.1820838,-0.1906989,-5.3860867,53.5,22,12.14,0.12065860340439,89.4388,838.2,1366.6,3865.7,0,127607,163.9
1999-01-01,-0.1099446,-0.1759464,-12.4300141,99.5,12,11.64,0.119202542046555,89.8617,808.4,1380,3884.5,0,127713,164.3
1999-02-01,0.0202445,-0.0451081,-9.4450581,59,34,10.18,0.116212370743057,90.3253,824.1,1384.8,3892.9,0,128131,164.5
1999-03-01,0.0140487,-0.0704138,-13.89196,87.5,21,11.29,0.107582841398829,90.4709,827.4,1390.1,3915.5,0,128239,165.0
1999-04-01,-0.0548066,-0.1685448,2.64045204,70.6,35,11.43,0.104962794519406,90.7285,841.3,1414.3,3940.6,0,128610,166.2
1999-05-01,-0.0959405,-0.2012237,1.33729601,51.2,52,9.79,0.104120145673273,91.3499,855.4,1420.8,3949.6,0,128822,166.2
1999-06-01,0.0183415,-0.0710936,0.70316817,34.3,60,8.25,0.0978095881035196,91.199,867.7,1419.7,3966.5,0,129099,166.2
1999-07-01,-0.0899858,-0.1384217,0.26188258,60.7,62,9.59,0.100272971925243,91.7767,865.2,1421.8,3994.4,0,129420,166.7
1999-08-01,-0.169708,-0.3241907,-0.22461,39.9,39,9.51,0.103088409223043,92.1675,871.9,1439.3,4015.3,0,129576,167.1
1999-09-01,0.0310378,-0.113771,-4.5539678,79.9,40,8.4,0.107452137076274,91.7812,876.4,1459.1,4043.3,0,129781,167.9
1999-10-01,-0.1042585,-0.2042618,-5.4916841,73.5,56,10.43,0.112930679073676,92.9976,868,1462.2,4071.9,0,130190,168.2
1999-11-01,-0.0099387,-0.046296,-14.2130658,105,54,10.91,0.132380518534619,93.444,871.2,1467.8,4098.9,0,130479,168.3
1999-12-01,0.2703665,0.2243838,-27.9787075,114.6,40,11.21,0.138456050033097,94.1555,889.8,1518,4130.8,0,130786,168.3
2000-01-01,0.5391476,0.5814121,-30.6514374,86.5,15,9.45,0.147690642760595,94.1717,908.6,1463.7,4163.1,0,131020,168.8
2000-02-01,0.462943,0.5300894,-50.2334577,116.2,55,12.07,0.161197425909163,94.4329,930.7,1485.4,4203.5,0,131136,169.8
2000-03-01,0.919367,0.8979075,-47.852659,85,53,10.21,0.168105395803108,94.7926,923.3,1527.5,4234.9,0,131609,171.2
2000-04-01,0.4149738,0.430249,-36.3830395,35.6,35,13.64,0.182127225582651,95.4898,900.6,1528.2,4242.2,0,131900,171.3
2000-05-01,0.7336931,0.7181179,-28.0078932,23.8,22,10.12,0.177896759437384,95.6421,907,1532,4268.6,0,132118,171.5
2000-06-01,0.928158,0.921241,-41.6134717,46.3,36,7.34,0.175978010666637,95.7364,898.2,1545.1,4300.6,0,132079,172.4
2000-07-01,1.267885,1.193013,-37.9180204,68.1,43,3.94,0.174691208562537,95.5982,897.3,1547.8,4318.9,0,132247,172.8
2000-08-01,1.234378,1.186629,-43.5846847,29.4,66,5.66,0.178696567027284,95.3172,906.4,1548.8,4343.9,0,132240,172.8
2000-09-01,1.314741,1.280108,-40.1878216,41.4,25,6.79,0.174622645642438,95.6844,931.3,1575.8,4375.8,0,132364,173.7
2000-10-01,1.444374,1.329018,-35.8494864,17.8,23,6.49,0.16838936092969,95.3974,920.6,1572.6,4395,0,132365,174.0
2000-11-01,1.959413,1.796886,-19.2864835,15.7,18,2.49,0.151091376714216,95.4158,913.4,1572.5,4416.5,0,132570,174.1
2000-12-01,2.253173,2.063269,-15.8300561,29.3,6,6.17,0.140989561399017,95.1619,913.5,1587.7,4444.5,0,132722,174.0
2001-01-01,2.477374,2.283338,-22.0114861,18.6,3,2.14,0.125955463256297,94.5502,916.5,1582.1,4478.4,0,132712,175.1
2001-02-01,3.197379,2.93867,-6.789352,6.5,8,0.55,0.109902253973004,93.9755,938.9,1574.9,4482,0,132804,175.8
2001-03-01,2.931562,2.719046,-0.6482098,5,9,2.88,0.101922509798999,93.7253,925.1,1560.3,4502.5,0,132761,176.2
2001-04-01,2.52033,2.354128,-3.8904263,11.3,2,1.75,0.0860001094000662,93.4567,908.3,1582.1,4510.8,1,132475,176.9
2001-05-01,2.082301,2.187393,-4.1302561,25.4,9,-0.2,0.0827351797732818,92.8842,916,1603,4528.1,1,132426,177.7
2001-06-01,2.485486,2.576188,-7.3399516,10.1,14,0.4,0.0902844967742192,92.3317,934.1,1586.8,4539.8,1,132312,178.0
2001-07-01,2.335609,2.451426,-2.1652368,14.4,8,0.59,0.0878427610958193,91.8098,925,1592,4555.2,1,132187,177.5
2001-08-01,2.339884,2.490936,2.87673976,8.1,4,-0.49,0.0823066114257112,91.6849,942.5,1590.2,4576.2,1,132043,177.5
2001-09-01,2.323466,2.335027,11.1033896,.,0,-0.87,0.0810600623279469,91.3345,904.1,1591.9,4516.8,1,131791,178.3
2001-10-01,1.902213,2.103521,4.59176709,14.8,7,-0.25,0.0811464817848919,90.9389,1035.1,1592,4581.4,1,131468,177.7
2001-11-01,1.19068,1.389148,-1.4500393,15.3,10,1.97,0.0800672945791207,90.4853,997,1580.6,4590.3,1,131158,177.4
2001-12-01,0.9678661,1.105722,-3.1115029,17.3,10,3.58,0.0865431157110418,90.515,955.6,1573.1,4619,0,130997,176.7
2002-01-01,1.599227,1.353187,-0.4450462,7.8,3,1.01,0.0934880322807974,91.0881,970.7,1578.6,4625,0,130868,177.1
2002-02-01,0.8481948,0.6709366,5.78573166,19.8,5,1.18,0.0942576633263882,91.0698,983.2,1584.5,4650.7,0,130752,177.8
2002-03-01,0.5023572,0.3558867,1.31332048,7.2,7,0.17,0.095133055757488,91.8012,974.9,1593.8,4668.5,0,130732,178.8
2002-04-01,0.5399799,0.4568599,12.19484369,8.8,7,-0.09,0.097686223175368,92.1815,1001.5,1607.3,4696.6,0,130636,179.8
2002-05-01,0.4247847,0.4108474,14.08189124,8.9,15,1.63,0.101304601143628,92.5668,962.7,1602.6,4717.5,0,130647,179.8
2002-06-01,0.3859135,0.4446178,13.83921141,6.2,11,1.06,0.0975582021729579,93.4503,968,1618.7,4731.5,0,130695,179.9
2002-07-01,-0.1025522,-0.0028234,17.0054344,2.9,6,3.4,0.0967289225481172,93.2282,1001.6,1617.5,4761.2,0,130604,180.1
2002-08-01,-0.1589165,-0.120267,16.79597927,.,0,0.79,0.0943507748210529,93.227,1019.7,1616.3,4765.5,0,130603,180.7
2002-09-01,-0.7397667,-0.5969905,17.12804386,.,0,3.88,0.0931675711494369,93.3597,983.9,1616.4,4790.7,0,130524,181.0
2002-10-01,-0.5678717,-0.4512455,13.9601076,1.9,8,4.26,0.0909329402311833,93.0804,969.9,1634.8,4826,0,130643,181.3
2002-11-01,-0.3757227,-0.2720179,8.68239058,6.7,8,3.78,0.0897368323148985,93.5589,978.5,1645,4836.2,0,130632,181.3
2002-12-01,-0.4090234,-0.3608463,12.00648019,14.6,3,6.09,0.0822268369155945,93.1088,1009.9,1645.8,4857.2,0,130488,180.9
2003-01-01,-0.3498021,-0.3643521,10.4894595,.,0,4.21,0.0756753834407794,93.6494,982.6,1667.1,4883.4,0,130596,181.7
2003-02-01,-0.4173222,-0.5355638,9.63803104,-2,4,4.55,0.0738346258394722,93.9475,956.4,1687,4892.5,0,130461,183.1
2003-03-01,-0.2418781,-0.3907808,9.47754541,-0.6,1,4.09,0.0685757261852393,93.735,984.6,1694.3,4919.4,0,130246,184.2
2003-04-01,-0.6085005,-0.6985596,6.57232121,.,0,3.91,0.0660951389988464,93.0815,1003.9,1676.2,4940.9,0,130194,183.8
2003-05-01,-0.625739,-0.7330445,1.43459342,15.7,2,1.89,0.063351782053129,93.1002,1005.7,1653,4969.5,0,130210,183.5
2003-06-01,-0.4529063,-0.6647335,0.3200215,25.6,1,-0.04,0.0612100505141325,93.2544,1013.9,1681,4983.7,0,130209,183.7
2003-07-01,-0.6904662,-0.8596501,-2.7178252,22.5,8,2.04,0.0623260820179257,93.6579,1024.9,1696.8,5016.5,0,130207,183.9
2003-08-01,-0.7701656,-0.9416963,-4.6022985,17.6,4,4.44,0.0651379882830021,93.5162,1059.3,1733.1,5042.2,0,130167,184.6
2003-09-01,-0.6080035,-0.8003353,-3.5918051,11.8,7,1.19,0.0690305786891642,94.0695,1041.1,1743.6,5050.3,0,130279,185.2
2003-10-01,-0.4373662,-0.7266217,0.71581633,14.1,10,0.91,0.068377066154799,94.2091,1036.2,1730,5079.5,0,130473,185.0
2003-11-01,-0.411771,-0.6450797,-0.515502,9,16,2.06,0.0711350575924735,94.937,1053.5,1746.1,5100,0,130490,184.5
2003-12-01,-0.6446413,-0.8169837,-0.0503947,9.3,23,4,0.0745060511517464,94.8627,1051.5,1749.5,5128.2,0,130605,184.3
2004-01-01,-0.4342062,-0.6501811,-1.4943183,28,4,1.44,0.0776264773515684,95.1113,1048.1,1775.3,5164,0,130787,185.2
2004-02-01,-0.3281363,-0.5215334,-0.4291377,14.9,17,-1.36,0.0848261851157443,95.6793,1065.2,1764.8,5189.8,0,130844,186.2
2004-03-01,-0.3615075,-0.587418,-1.3201694,5.4,13,0.69,0.0900993126348249,95.2063,1079.4,1796.9,5199.7,0,131156,187.4
2004-04-01,-0.2606197,-0.4607043,-6.1688753,25,11,-0.25,0.0910486435392426,95.6346,1062.8,1788.1,5237.7,0,131426,188.0
2004-05-01,-0.2711004,-0.4570509,-7.5042335,9.2,14,3.11,0.0952320726114415,96.3952,1091.5,1810,5261.7,0,131710,189.1
2004-06-01,-0.170792,-0.3912553,-7.2072693,9.7,26,2.96,0.0911075608525031,95.6045,1043.6,1810.9,5292.7,0,131807,189.7
2004-07-01,0.0899621,-0.1320261,-2.3571575,5.2,26,1.72,0.0894368381858012,96.3379,1076.9,1815.1,5326.9,0,131864,189.4
2004-08-01,0.2173395,0.0144137,-1.2491069,0.5,16,0.31,0.0866614714821832,96.4107,1079,1825.1,5349,0,131955,189.5
2004-09-01,0.1435345,-0.034059,-3.3667282,12.8,15,0.92,0.0823262550617413,96.4943,1099.3,1838.7,5383.1,0,132112,189.9
2004-10-01,0.1926626,-0.0294413,-5.2406699,14.9,28,-0.23,0.0834503184222995,97.4107,1098.6,1868,5407.9,0,132466,190.9
2004-11-01,0.2146356,-0.0303624,-8.293508,18.6,15,0.42,0.0780493000179669,97.6207,1099.9,1880.6,5440.1,0,132521,191.0
2004-12-01,0.1812333,-0.0394603,-11.0790966,15.6,28,-0.1,0.0769271639434237,98.3284,1122.6,1883.8,5475.1,0,132644,190.3
2005-01-01,0.2384157,0.0455822,-8.4201146,12.2,8,-0.8,0.0718577629707215,98.7904,1096.4,1886.1,5487.7,0,132791,190.7
2005-02-01,0.1517219,0.0011541,-6.0791317,5.6,26,0.38,0.0675955042400811,99.455,1113.2,1897.2,5518.8,0,133050,191.8
2005-03-01,0.0706481,-0.0197399,-6.8365142,16.5,7,0.59,0.062632925358555,99.3156,1120.2,1892.7,5556.5,0,133172,193.3
2005-04-01,0.2450941,0.032043,-5.5005752,6.2,7,2.95,0.059706451706105,99.4648,1142.8,1922.4,5580.4,0,133536,194.6
2005-05-01,0.2407276,0.0367144,-9.050507,5.4,13,3.17,0.0548788519742669,99.597,1116.4,1913.3,5614.1,0,133706,194.4
2005-06-01,0.1542495,0.0298624,-10.7220524,7.9,21,2.84,0.0560128513742474,99.9838,1154.6,1922.7,5647.5,0,133957,194.5
2005-07-01,0.0518129,-0.1687873,-12.4197196,15.3,17,3.06,0.0538691657239668,99.6737,1202.2,1947.3,5680,0,134314,195.4
2005-08-01,0.1692788,-0.140507,-11.2243113,10.4,30,1.56,0.0541388891253941,99.9451,1139.5,1984.4,5708.5,0,134517,196.4
2005-09-01,0.3450445,-0.0772636,-10.5371974,4.5,17,1.78,0.0570667844223404,98.0824,1113.8,2026.4,5745.7,0,134583,198.8
2005-10-01,0.3704325,-0.0484743,-11.4230183,13.2,12,1.87,0.0543497321935276,99.3185,1099.6,2051.7,5775.2,0,134673,199.2
2005-11-01,0.2701635,-0.0066289,-11.7211069,20.8,18,3.28,0.0536291709980277,100.3282,1116.4,2003.3,5818.7,0,135012,197.6
2005-12-01,0.3537202,0.0641679,-11.8730297,6.2,18,3.53,0.0510712081217644,100.9458,1128.2,2004.2,5837.3,0,135168,196.8
2006-01-01,0.353995,-0.0059181,-14.9550425,18.7,14,3.49,0.0517058730719239,101.0637,1167.9,2041.8,5850.1,0,135446,198.3
2006-02-01,0.2829801,-0.0908002,-14.8735988,9.5,19,3.27,0.0476372310921382,101.0761,1143.5,2047.9,5898.7,0,135753,198.7
2006-03-01,0.2293473,-0.1178864,-16.1808722,12.8,9,4.69,0.0485100630191151,101.2742,1151,2038.4,5932.6,0,136063,199.8
2006-04-01,0.1708806,-0.1689068,-15.6404708,6.3,12,4.71,0.0490857889531107,101.6854,1151,2072.1,5951.7,0,136221,201.5
2006-05-01,0.3575624,-0.0334323,-11.6975322,7,15,3.77,0.050729251082697,101.5801,1147.2,2076.1,5991.8,0,136261,202.5
2006-06-01,0.3985883,0.0349862,-10.7275728,8.2,21,3.16,0.0489138664867619,101.9746,1149.5,2082.3,6009,0,136342,202.9
2006-07-01,0.4651835,0.1207409,-7.5949109,0.4,10,2.62,0.0503928370468286,101.9374,1168.7,2116.8,6037.1,0,136538,203.5
2006-08-01,0.5028629,0.133586,-9.7407195,10,7,1.27,0.0482656703928021,102.3309,1146,2123,6052.8,0,136713,203.9
2006-09-01,0.333575,0.1501119,-9.8859844,15.6,14,-0.16,0.0448609100742819,102.1204,1166.9,2098.9,6088.9,0,136860,202.9
2006-10-01,0.300631,0.1505988,-12.3128934,16.6,22,0.66,0.0454221953328873,102.0653,1168.3,2083.1,6121.8,0,136870,201.8
2006-11-01,0.4778222,0.2246197,-13.6672257,10.5,29,-0.37,0.0490258569826576,101.9538,1164.4,2072,6143.8,0,137082,201.5
2006-12-01,0.5309572,0.2159252,-13.026553,20.4,29,-0.34,0.0488876927861054,103.026,1175.5,2123.4,6170,0,137268,201.8
2007-01-01,0.4828748,0.2804499,-13.2409149,11.8,9,0.25,0.051674718545082,102.4915,1183.5,2116.2,6216.7,0,137493,202.416
2007-02-01,0.6963169,0.4849325,-13.1926341,17.2,23,-4.09,0.0536775990347146,103.5443,1175.1,2120.9,6250.8,0,137573,203.499
2007-03-01,0.8416971,0.5463288,-13.732783,10.1,21,-4.39,0.0537339818257311,103.7537,1178.5,2150.2,6256.5,0,137810,205.352
2007-04-01,0.8662221,0.6012499,-7.1795524,8.4,13,-6.02,0.0548346489577772,104.5018,1181.2,2151,6283.4,0,137860,206.686
2007-05-01,0.6224846,0.3326814,-7.4715666,5.2,28,-1.72,0.0555827623763141,104.5419,1197.7,2170.3,6283.3,0,138012,207.949
2007-06-01,0.6888437,0.3487204,-8.2200741,17.4,20,-2.71,0.058010737790494,104.5669,1178.2,2177,6312.1,0,138088,208.352
2007-07-01,0.6052637,0.2578031,-7.966353,12.1,19,-2.82,0.0575109587544639,104.5217,1180.7,2194.8,6334.1,0,138055,208.299
2007-08-01,0.3765117,0.1842653,-8.8042244,14.8,17,0.47,0.0597031201119554,104.7387,1192.4,2174.6,6387,0,138032,207.917
2007-09-01,0.3383917,0.1293005,-9.6085933,56,5,2.1,0.0607915795509824,105.1499,1202.6,2195.1,6400.3,0,138114,208.49
2007-10-01,0.3536657,0.1282348,-11.5029193,25.9,23,3.96,0.0625403604947981,104.7167,1209,2196.9,6421.1,0,138190,208.936
2007-11-01,0.4153967,0.1221424,-8.9738247,12,39,4.9,0.067737482006838,105.3037,1197.7,2245,6455.1,0,138299,210.177
2007-12-01,0.4169228,0.092505,-8.5302366,18,23,6.16,0.0768889196872909,105.353,1180,2255.9,6472.5,0,138409,210.036
2008-01-01,0.4137831,0.2216436,-4.8764106,21.2,13,3.19,0.0842467810747798,105.073,1168.4,2252.6,6509,1,138422,211.08
2008-02-01,0.1494982,0.2677604,-4.2665489,-3.7,6,2.25,0.0901380259455385,104.7137,1148.4,2238.4,6526.6,1,138340,211.693
2008-03-01,0.0825215,0.1990785,-3.6752832,16.7,3,3.71,0.0960399034174792,104.4635,1143.7,2267.6,6548.1,1,138292,213.528
2008-04-01,0.012696,0.0982953,4.59679278,26.7,5,1.93,0.107988738796911,103.6727,1139.1,2276.2,6581.6,1,138056,214.823
2008-05-01,-0.0651068,0.0492064,2.51347285,-1.1,6,2.72,0.125760679193754,103.085,1143.7,2300.6,6609.5,1,137872,216.632
2008-06-01,-0.0079229,0.0425942,2.90127686,-7.4,3,3.49,0.140154055590977,102.8361,1130.4,2340.6,6636.9,1,137706,218.815
2008-07-01,0.0144849,0.0203082,1.42685381,8.9,4,4.06,0.156230023723265,102.2939,1100,2356.3,6648.5,1,137508,219.964
2008-08-01,0.0850879,0.0465585,1.690816,-19.9,3,3.88,0.167466686209129,100.7209,1114.3,2336.8,6643.5,1,137229,219.086
2008-09-01,-0.083872,-0.2129947,5.8701108,.,0,11.21,0.1950010385042,96.3567,1073.2,2303.1,6667.2,1,136769,218.783
2008-10-01,-0.224416,-0.1971482,7.30186112,.,0,12.25,0.22478937914043,97.2844,1026.6,2262.9,6670.8,1,136288,216.573
2008-11-01,-0.763234,-0.5648913,10.17782145,-1.2,1,18.23,0.231653682021991,96.0552,1002.4,2153,6665.3,1,135561,212.425
2008-12-01,-0.674186,-0.4638503,9.12362771,.,0,14.58,0.216428845038818,93.252,995,2085.3,6650.4,1,134857,210.228
2009-01-01,-0.5366564,-0.4630483,7.26388143,.,1,11.76,0.203133515590038,91.0332,1023,2110.3,6650.5,1,134074,211.143
2009-02-01,-0.7024876,-0.6632217,4.25522342,10.1,2,15.29,0.19329284920883,90.4375,1006.2,2130.2,6629.7,1,133332,212.193
2009-03-01,-0.7260274,-0.6643922,6.22290809,.,2,14.97,0.183391414668615,89.0085,984.2,2106.2,6628.1,1,132529,212.709
2009-04-01,-0.8874705,-0.815724,0.80740457,22.6,6,13.85,0.18539238003265,88.2959,978.8,2119.6,6626.4,1,131835,213.24
2009-05-01,-0.8274037,-0.7287624,1.25446459,27.5,4,14.28,0.224255684979613,87.4078,998.9,2131.7,6618.4,1,131491,213.856
2009-06-01,-0.827176,-0.7249392,-0.9362556,23.3,8,14.02,0.234264573141514,87.0694,1006.4,2168.1,6632.5,1,131026,215.693
2009-07-01,-0.5635224,-0.5269243,-2.3782619,.,4,10.38,0.222242790713142,88.0285,1020.8,2175,6645.9,0,130685,215.351
2009-08-01,-0.35492,-0.5662601,-2.3097008,6.2,5,11.07,0.225421227935034,89.0244,1089.1,2197.9,6674.1,0,130501,215.834
2009-09-01,-0.5401903,-0.6380435,-2.3663774,13.8,12,9.22,0.207728456311727,89.6975,995.4,2207.2,6680.8,0,130259,215.969
2009-10-01,-0.5640685,-0.8109843,0.37759028,0.3,13,10.96,0.188687583308754,89.9906,1003.6,2218.8,6709.5,0,130061,216.177
2009-11-01,-0.5733303,-0.9022906,0.18287963,12.2,11,11.25,0.17825729772658,90.3515,1017.4,2219.7,6703.4,0,130073,216.33
2009-12-01,-0.6780831,-0.8418318,-2.6387091,1.8,7,10.05,0.230851429112695,90.6212,1021.6,2230.2,6747.1,0,129804,215.949
2010-01-01,-0.7978581,-0.822113,-1.5790096,-3.5,12,8.47,0.24306303817286,91.6849,1006.1,2241.5,6754.2,0,129807,216.687
2010-02-01,-0.8043953,-0.746056,-2.5149089,0.9,8,10.03,0.254090230682622,92.0073,1005.2,2246.6,6778.8,0,129715,216.741
2010-03-01,-0.8939431,-0.7533675,-3.8473159,12.5,15,8.87,0.268890539103862,92.6104,1052,2247.2,6789.9,0,129895,217.631
2010-04-01,-0.6935843,-0.5395849,-6.4607495,2.1,16,7.62,0.272471122048418,92.96,1046,2257,6809.9,0,130132,218.009
2010-05-01,-0.7908825,-0.5156592,-7.2765613,8.3,14,8.99,0.235879372456101,94.2988,1041.7,2241.3,6848.1,0,130666,218.178
2010-06-01,-0.6330314,-0.2767138,-6.3014117,6.9,15,7.71,0.230543947998143,94.4319,1044.1,2243.7,6863.6,0,130530,217.965
2010-07-01,-0.6372957,-0.2863761,-5.730381,12.3,15,8.75,0.235263851862625,94.836,1047.5,2246.2,6891,0,130442,218.011
2010-08-01,-0.4681431,-0.204588,-5.0559979,14.1,16,7.99,0.229271130602088,95.1423,1053.7,2262.2,6912.3,0,130437,218.312
2010-09-01,-0.2994936,-0.2005801,-7.1756896,11.5,15,7.51,0.212562784530675,95.35,1056.1,2279.7,6913.2,0,130373,218.439
2010-10-01,-0.3917551,-0.323063,-9.823785,11.6,25,7.28,0.206609774629668,95.0991,1079.2,2297.9,6927.6,0,130642,218.711
2010-11-01,-0.386886,-0.3706475,-10.1177303,10.5,26,9.11,0.206295889013638,95.1376,1077.5,2323.4,6953.8,0,130765,218.803
2010-12-01,-0.2242614,-0.3619741,-10.4540035,8.7,20,9.58,0.157640140263481,96.0339,1078.7,2339.8,6973.7,0,130839,219.179
2011-01-01,-0.0697939,-0.3547373,-6.182248550775,15.1,16,7.68604545454546,0.152926312852556,95.9363,1085,2365.4,6985.1,0,130859,220.223
2011-02-01,0.0386637,-0.2944687,-6.42232841193224,8.4,21,6.89459090909091,0.14848621346686,95.5147,1083.8,2373.5,7012.9,0,131072,221.309
2011-03-01,0.0759552,-0.2436827,-6.60163619660118,11.7,13,7.12013636363636,0.159287121600715,96.4651,1095,2404.4,7051,0,131304,223.467
2011-04-01,0.1474355,-0.2471322,-5.98647142552642,16.8,22,7.94304545454545,0.152850892374311,96.1325,1090.9,2430.4,7066.3,0,131625,224.906
2011-05-01,0.3841878,-0.1063797,-6.18693947405858,14.1,29,5.37563636363636,0.146798963614987,96.3347,1081.2,2425.1,7105.7,0,131720,225.964
2011-06-01,0.3165358,-0.1911272,-5.3031087912673,8.8,18,6.0815,0.144682430709919,96.5889,1076.6,2439.2,7121,0,131955,225.722
2011-07-01,0.2729045,-0.2090985,-7.31977372793717,27.6,17,6.63913636363636,0.143628493603783,97.1011,1085.7,2430.5,7161.2,0,132016,225.922
2011-08-01,0.294546,-0.2182722,-5.18292867473743,30,5,6.52704545454545,0.139504156464355,97.6642,1085.2,2433.8,7181.5,0,132138,226.545
2011-09-01,0.2771688,-0.1510103,-4.15802454017805,na,3,5.91809090909091,0.138824596104915,97.6132,1101.3,2446.7,7190,0,132374,226.889
2011-10-01,0.173925,-0.1577052,-6.26090365291683,17.9,8,7.8634347826087,0.138111196587439,98.2931,1114.4,2446.9,7191.9,0,132578,226.421
2011-11-01,0.0485669,-0.2996023,-4.65632917191157,8.7,18,10.908,0.130602936795894,98.2325,1107.9,2454.7,7196.9,0,132710,226.23
2011-12-01,0.0085686,-0.3320956,-4.18002290518106,1.8,10,11.7090434782609,0.129064892762383,98.7699,1114.9,2444.8,7212.4,0,132914,225.672
2012-01-01,-0.1333913,-0.3896362,-5.36814207209012,9.1,6,10.7052857142857,0.127557002344919,99.3672,1130.4,2470,7261.7,0,133269,226.665
2012-02-01,-0.100394,-0.3230452,-7.85769261212122,20,20,9.20042857142857,0.124703442530907,99.6443,1145.9,2501.3,7306.2,0,133531,227.663
2012-03-01,0.0211949,-0.32679,-9.33174310705434,24.6,24,9.477,0.112912743834721,99.1594,1138,2500.5,7313.2,0,133769,229.392
2012-04-01,-0.0851224,-0.3205469,-5.66658457990019,17.8,20,9.5567619047619,0.111912338353608,99.9173,1137.4,2500.7,7341.7,0,133852,230.085
2012-05-01,-0.0806192,-0.3001382,-5.36895844148192,14.9,13,9.22866666666667,0.118536638839866,100.0956,1133.4,2486.6,7348.6,0,133951,229.815
2012-06-01,-0.2266788,-0.4327835,-4.27059850478438,12.3,8,11.2717142857143,0.109745731463548,100.0478,1129.9,2461.2,7355.2,0,134023,229.478
2012-07-01,-0.0783843,-0.2989217,-3.86297191580061,15.9,19,10.09675,0.109219924856225,100.3144,1134.7,2460.3,7382.2,0,134176,229.104
2012-08-01,0.0279072,-0.3129841,-6.45306215914359,14.9,11,9.40555,0.114761678611133,99.9036,1138.4,2498.5,7367.1,0,134346,230.379
2012-09-01,-0.000769,-0.3020117,-7.04111651480136,29.6,10,8.8936,0.118332228520407,99.8944,1151.9,2511.6,7398,0,134535,231.407
2012-10-01,0.0950318,-0.2371628,-5.04730348144814,14.2,28,9.50745,0.120568007037478,100.1192,1141.2,2524.4,7434.3,0,134693,231.317
2012-11-01,-0.1316956,-0.3646638,-5.64774187180301,2.4,12,11.24095,0.1171627987949,100.61,1169.4,2509.9,7457.5,0,134851,230.221
2012-12-01,-0.2071169,-0.4237037,-6.188098225792,24.2,8,12.1792,0.116498015400347,100.9267,1180.1,2497.2,7463.1,0,135088,229.601
2013-01-01,-0.0322312,-0.3125606,0.777808584797396,17.8,13,10.41565,0.117323702218061,100.8779,1192.6,2541.3,7469,0,135283,230.28
2013-02-01,0.1276547,-0.184826,0.911995258844778,32.3,10,9.49975,0.119415391981825,101.4265,1193.2,2557.5,7488.9,0,135562,232.166
2013-03-01,0.0722985,-0.1173066,-0.155197948385799,13.9,17,9.48455,0.119401058107976,101.8186,1180.5,2529.7,7516.8,0,135698,232.773
2013-04-01,0.0019939,-0.2178929,1.14616468550348,13.6,16,9.43415,0.119523388748467,101.695,1182.3,2504.3,7518.7,0,135890,232.531
2013-05-01,0.080449,-0.165138,-1.70428475376682,17,31,8.69935,0.119188633236246,101.7517,1187.1,2517.7,7539.8,0,136114,232.945
2013-06-01,0.1422592,-0.1029724,-2.56829388841061,19.3,25,7.6357,0.125427708137683,101.9486,1186.9,2519.6,7562.3,0,136295,233.504
2013-07-01,0.1284177,-0.1957801,-4.2522099965887,19.3,23,8.74175,0.123993153477568,101.446,1190.8,2538,7567.9,0,136400,233.596
2013-08-01,0.0828409,-0.1081459,-5.01916766035302,20.7,16,8.2327,0.123023684458757,102.1758,1187.7,2538.4,7603.1,0,136642,233.877
2013-09-01,0.08517,-0.0782529,-7.55506430813842,30.1,24,8.9091,0.121570276844806,102.6774,1188.3,2547.8,7630.8,0,136831,234.149
2013-10-01,0.0342213,-0.1250525,-4.61319349499046,25.1,33,8.85675,0.126141454097293,102.5438,1191.4,2552.3,7676.1,0,137056,233.546
2013-11-01,-0.0247444,-0.177023,-5.97342535022768,20.8,31,10.8932,0.128551158778859,102.8625,1201.7,2563.5,7722.5,0,137323,233.069
2013-12-01,0.0973709,-0.0675157,-6.68633679696017,24.1,13,9.4683,0.128662863699851,103.1747,1190.4,2576.6,7751,0,137390,233.049
2014-01-01,-0.0932323,-0.2611465,-10.9239851558659,27.6,19,9.87405,0.129223643187504,102.7053,1174.3,2576.5,7761.7,0,137567,233.916
2014-02-01,-0.0793222,-0.2220947,-13.0567226416309,9.4,23,9.55695,0.126969858491377,103.6016,1199.9,2592.7,7773.6,0,137735,234.781
2014-03-01,-0.0781646,-0.2191752,-9.74705159296231,28.8,32,9.6857,0.121568854854359,104.5893,1233.6,2587.4,7822,0,137985,236.293
2014-04-01,-0.0819558,-0.2354833,-3.91149443831207,10.4,28,9.3562,0.123010777568291,104.7423,1228.1,2620.4,7854.2,0,138312,237.072
2014-05-01,-0.0650901,-0.1799022,-4.73569224083004,10.5,23,9.7632,0.118936740766579,105.0571,1239.3,2613.7,7895.4,0,138533,237.9
2014-06-01,-0.0223867,-0.1384224,-6.73235051272962,13.3,32,9.83285,0.118428643846482,105.4084,1251.5,2629.6,7935.9,0,138857,238.343
2014-07-01,0.0659559,-0.0029332,-5.33889278739518,12.3,37,8.36905,0.120838559554573,105.5609,1246.5,2639.7,7974.4,0,139084,238.25
2014-08-01,0.0132341,-0.0422071,-6.44850522344087,11.4,14,9.89905,0.116967912406526,105.4797,1257.8,2649.8,8036.7,0,139272,237.852
2014-09-01,0.0745862,0.016292,-5.5585954313269,22.2,17,10.36585,0.119540497731145,105.7908,1264.8,2630.2,8062.4,0,139583,238.031
2014-10-01,-0.036843,-0.079387,-6.07991705071873,5.2,36,11.3791,0.11441078778481,105.8154,1264.9,2644.8,8113.3,0,139841,237.433
2014-11-01,0.0100897,-0.0166996,-4.53832945044582,15.7,28,11.21315,0.11214529183947,106.663,1272.9,2634.7,8143.8,0,140127,236.151
2014-12-01,0.0579681,0.0346984,-4.76716118769368,23.6,16,10.59895,0.109320752472396,106.5032,1274.7,2610.4,8176.9,0,140396,234.812
2015-01-01,0.0874798,0.1628818,-6.58456665332552,30.1,14,10.50715,0.111161983740245,105.8772,1275.1,2564.3,8206.6,0,140609,233.707
2015-02-01,0.1524253,0.209563,-7.79594626695559,-6,12,9.9061,0.117680402075157,105.4193,1266.8,2569.4,8246.2,0,140857,234.722
2015-03-01,0.1805792,0.1571371,-9.94459620367234,4.5,10,9.09605555555556,0.121796081051913,105.0856,1302.4,2599.4,8256.5,0,140934,236.119
2015-04-01,-0.0068851,-0.0346946,-6.61031848634106,30.3,17,9.18988888888889,0.117578631724775,104.5604,1303.7,2587.6,8302.5,0,141234,236.599
2015-05-01,0.1011483,-0.0121271,-7.99013948214153,6.3,23,8.77711111111111,0.112764443694549,104.0675,1311,2622.7,8334.4,0,141553,237.805
2015-06-01,0.1817596,0.0365164,-10.1584206293358,29.3,30,8.49561111111111,0.112893086258033,103.6891,1310.1,2633,8365.2,0,141723,238.638
2015-07-01,0.0134235,-0.1333562,-10.2375690618941,24.6,23,10.6658333333333,0.107357092791526,104.2443,1315,2649.3,8391.1,0,142016,238.654
2015-08-01,-0.0096571,-0.1431878,-10.536150386887,19.4,10,11.2461111111111,0.110677986448274,104.1318,1322.4,2644.8,8426.9,0,142138,238.316
2015-09-01,-0.1238401,-0.2404326,-8.45138979000264,38,7,12.257,0.106306379376622,103.7281,1314.3,2624.5,8454,0,142271,237.945
2015-10-01,-0.1432489,-0.3028795,-8.94533097988163,3.6,20,12.1639444444444,0.103727642718809,103.3569,1310.2,2615.4,8490.5,0,142610,237.838
2015-11-01,-0.1253181,-0.3807639,-10.4758884459138,13.3,14,12.3023888888889,0.103201401961682,102.7323,1326.7,2623.7,8499.7,0,142845,237.336
2015-12-01,-0.0884614,-0.353638,-9.82733043447622,32.3,2,11.4535555555556,0.102617723087186,102.2696,1321.1,2623.3,8524.7,0,143125,236.525
2016-01-01,-0.2082997,-0.4240164,-6.879825868698,.,0,13.7523872222222,0.102691319224464,103.0314,1315.8,2612.2,8554.1,0,143215,236.916
2016-02-01,-0.224195,-0.4061095,-5.66527501177412,-4.3,5,13.4839538888889,0.0937781937295274,102.3429,1333.7,2604.8,8611.7,0,143447,237.111
2016-03-01,-0.1636323,-0.3661306,-5.76496070266408,-2.5,4,12.6385538888889,0.0875671355498721,101.5415,1321.7,2608.4,8617.1,0,143681,238.132
2016-04-01,-0.1955041,-0.3691118,-1.09359279467081,7,8,11.1025266666667,0.0874894683229167,101.7479,1329.5,2638,8678.6,0,143892,239.261
2016-05-01,-0.2072197,-0.3389331,-3.1426551048688,8.9,19,10.9586261111111,0.0861516006102595,101.6011,1334.4,2650.3,8713.7,0,143907,240.229
2016-06-01,-0.1639827,-0.2787527,-1.46273569690558,32,9,11.1267216666667,0.0788951213400412,101.9476,1344.9,2673.8,8756.3,0,144189,241.018
2016-07-01,-0.1115952,-0.2007477,-3.9568708162948,11.5,11,9.75744888888889,0.0797637876851884,102.1435,1352.9,2647,8790.2,0,144525,240.628
2016-08-01,-0.0860485,-0.1986837,-4.62872281293634,3,8,10.0748194444444,0.0795726434513199,102.0654,1355.1,2657.4,8829.3,0,144660,240.849
2016-09-01,-0.1744651,-0.3041568,-6.26398575036118,46,17,11.6053994444444,0.0847940393130831,101.9304,1365,2664.4,8874.1,0,144930,241.428
2016-10-01,-0.1730049,-0.287723,-6.74448748421923,9.5,21,11.9900138888889,0.0848899900284408,102.0557,1369.1,2672.2,8903.2,0,145058,241.729
2016-11-01,-0.1789415,-0.2310366,-6.28459227846072,-0.1,3,11.5415655555556,0.0873604632417222,101.8293,1354.1,2674.4,8951.9,0,145228,241.353
2016-12-01,-0.2060358,-0.2452953,-5.3839857107156,9.9,8,11.4713527777778,0.0895423196597855,102.7877,1383,2693.7,8966.6,0,145443,241.432
2017-01-01,-0.1380863,-0.3242687,-7.94445078545279,5.1,10,11.1850805555556,0.0860867636719012,102.5393,1382,2722.3,8994.4,0,145695,242.839
2017-02-01,-0.0995957,-0.2871982,-8.12516929866082,1.9,8,10.2226094444444,0.086492069958194,102.1574,1364.4,2703.7,9016.3,0,145836,243.603
2017-03-01,-0.1503947,-0.2485551,-9.17896637144058,15.5,14,9.85871941176471,0.0880490840869767,102.7236,1380.4,2718.4,9060.6,0,145963,243.801
2017-04-01,-0.2260275,-0.3340703,2.48744596461973,12.2,20,8.178590625,0.0869271953121706,103.7148,1387.7,2729.6,9086.7,0,146176,244.524
2017-05-01,-0.1650151,-0.2477917,1.59985094955011,3.4,19,7.82497,0.0889539843577483,103.7121,1393.5,2719.1,9116.9,0,146304,244.733
2017-06-01,-0.2599578,-0.3433284,0.467740033778064,9.5,23,8.35287875,0.0879247180942689,103.771,1399.1,2722.4,9144.6,0,146533,244.955
2017-07-01,-0.2670674,-0.3641457,-0.25658133761991,28.3,15,9.274453125,0.0895945657356998,103.6206,1408.6,2723,9160.5,0,146737,244.786
2017-08-01,-0.2368469,-0.4015786,-0.852535772039564,-4.9,8,9.836926875,0.0853831421816285,103.1956,1396.5,2757,9185.7,0,146924,245.519
2017-09-01,-0.0374164,-0.222597,-0.684680678692895,24.9,19,8.41803625,0.0815642330797299,103.176,1428.5,2784.4,9233.1,0,146942,246.819
2017-10-01,-0.0747195,-0.1876367,-2.25557514938867,36.5,22,8.45445625,0.0810599498948101,104.7647,1438.7,2780.3,9286.6,0,147202,246.663
2017-11-01,-0.0626733,-0.1986635,-1.01518801557849,9.2,32,9.1928175,0.0786505444628547,105.2943,1453.2,2814.3,9331,0,147422,246.669
2017-12-01,-0.0388482,-0.1912443,-0.703945755070579,7.2,12,8.196995625,0.0774603905510761,105.7698,1445.3,2821,9367.4,0,147596,246.524
2018-01-01,0.0376989,-0.1113182,-4.67085186499042,27.6,20,7.835589375,0.0795601130280243,105.4371,1437.6,2839.1,9386,0,147767,247.867
2018-02-01,0.132916,-0.0519433,-6.18644341809301,-2.9,19,6.889646875,0.0775226331534874,105.9166,1418.5,2830.2,9397.2,0,148097,248.991
2018-03-01,0.1639958,-0.0132708,-6.89175616043937,22.7,17,7.0826875,0.0766471080575391,106.4488,1447.4,2830.3,9452.5,0,148279,249.554
2018-04-01,-0.0919298,-0.2826542,-3.09426152377457,29.7,13,5.565164375,0.0743078161737367,107.6624,1456.9,2848.1,9500.3,0,148475,250.546
2018-05-01,-0.0468461,-0.3047261,-4.28768556074015,10.4,23,6.383853125,0.0745838748689024,106.7781,1460.4,2880.5,9539.7,0,148745,251.588
2018-06-01,-0.0917742,-0.2956845,-6.19388616848354,22.6,36,6.590270625,0.0761734537677607,107.4443,1458.9,2883.8,9598.4,0,149007,251.989
2018-07-01,-0.0549166,-0.2410729,-6.6580861700435,21.5,25,6.87407875,0.0764417058717404,107.8948,1466.4,2900.1,9641.9,0,149185,252.006
2018-08-01,-0.1329653,-0.2370342,-9.61547746465017,11.4,15,7.15474625,0.0783169562751527,108.8232,1471.1,2906.8,9684.7,0,149467,252.146
2018-09-01,-0.2098428,-0.2942922,-8.56591019287005,26.1,24,7.452493125,0.0824277219602215,109.02,1468,2901.5,9710.8,0,149575,252.439
2018-10-01,-0.1572199,-0.3195979,-7.08006813697849,21.3,27,11.01248375,0.0792013562313489,109.3289,1473.1,2927,9773,0,149852,252.885
2018-11-01,-0.2327752,-0.3621018,-8.87294635016044,0.9,11,10.222251875,0.0797050278367572,109.9836,1504,2938.1,9810.6,0,150048,252.038
2018-12-01,-0.2820873,-0.4099609,-8.78468471404801,-1.4,9,10.89922625,0.0810683513235561,110.0826,1475.4,2882.6,9818.2,0,150275,251.233
