Date,h1,h3,h12
1960-07-01,0.605748155293835,0.730893647250436,0.853765538765546
1960-08-01,0.612160198448421,0.735850285750476,0.855411516470107
1960-09-01,0.619053413024692,0.740937948604392,0.859004744619776
1960-10-01,0.628168282947288,0.748730801187405,0.863134587744817
1960-11-01,0.652726964794625,0.765910179129902,0.870409860783481
1960-12-01,0.666651543402732,0.77841240646121,0.877487088261822
1961-01-01,0.653439956161403,0.774856609866373,0.880821053502263
1961-02-01,0.647380886400763,0.771325752346967,0.882355257837622
1961-03-01,0.648948168912487,0.769215688112015,0.880137885629216
1961-04-01,0.652424263032522,0.767029630306392,0.875833296494618
1961-05-01,0.637197669089378,0.756998020391722,0.872820828514611
1961-06-01,0.626255257371899,0.749720904239384,0.87010122045858
1961-07-01,0.612377133700831,0.741461942741988,0.86715752905445
1961-08-01,0.605161238218578,0.736083404139825,0.86417859591062
1961-09-01,0.608770418591749,0.735155703378745,0.860042106101365
1961-10-01,0.609238124230316,0.732430388731112,0.854944379602543
1961-11-01,0.602362187519788,0.725936480186533,0.84900918573618
1961-12-01,0.590945366001378,0.718179001275241,0.844489485872068
1962-01-01,0.596851508453588,0.721772172482563,0.843276511313418
1962-02-01,0.592693506863609,0.719831674952053,0.840217137135172
1962-03-01,0.579931951134383,0.709798063437315,0.834851210953968
1962-04-01,0.579281614301322,0.706572961601483,0.830097444921419
1962-05-01,0.578121095946476,0.704911908362544,0.828625435497314
1962-06-01,0.572289564137873,0.700147187618924,0.825508158865916
1962-07-01,0.563486174128634,0.690618119690708,0.820782010549285
1962-08-01,0.55359499584234,0.681734349884077,0.815229284704196
1962-09-01,0.550523976302342,0.677968782691382,0.809956185836323
1962-10-01,0.54788403926533,0.673252084048133,0.804457058084029
1962-11-01,0.548957722966793,0.671029015042545,0.79940911161003
1962-12-01,0.547138925123862,0.666640536331144,0.794691933735288
1963-01-01,0.546506313448652,0.662519100341322,0.790898058066885
1963-02-01,0.539278802214611,0.654463099052301,0.786355075238934
1963-03-01,0.527552635143995,0.646630374984314,0.784058234899575
1963-04-01,0.533447139656049,0.650351488511849,0.785657837352821
1963-05-01,0.531527914160681,0.64885193524882,0.785374559489781
1963-06-01,0.528048739788837,0.646891679444369,0.78533577561917
1963-07-01,0.524260379002134,0.643087318905802,0.78460094203997
1963-08-01,0.525001026345736,0.645457097982602,0.786623771043793
1963-09-01,0.525256804851851,0.647289490845591,0.787355007728512
1963-10-01,0.523278136617838,0.646870170669692,0.787321170954625
1963-11-01,0.52879065989158,0.651752832950544,0.788890039594803
1963-12-01,0.538341853406783,0.656027578941982,0.789076155906547
1964-01-01,0.545131720823632,0.657784164096952,0.788392127743055
1964-02-01,0.538126959940344,0.65281115959874,0.787250440027589
1964-03-01,0.531613172827876,0.647626133382744,0.786799421519226
1964-04-01,0.54277115339449,0.653121439197089,0.789254467752357
1964-05-01,0.529488349344147,0.648580254708659,0.791048333954709
1964-06-01,0.528022166838675,0.651242183598643,0.795910677569812
1964-07-01,0.537000176282663,0.66191318482472,0.804244522402026
1964-08-01,0.553675401564864,0.677226825494948,0.812223522223884
1964-09-01,0.581440154722649,0.701696249403592,0.823587793605488
1964-10-01,0.627253092872104,0.73726955858737,0.838185365080054
1964-11-01,0.643673058679986,0.752643394636456,0.845850387548933
1964-12-01,0.615195398607907,0.73041276353575,0.835933055720253
1965-01-01,0.587308674969021,0.708287967943622,0.824936423532107
1965-02-01,0.566415168573059,0.692040678589169,0.816787970511252
1965-03-01,0.555084588641045,0.681951061712656,0.811150262252855
1965-04-01,0.551594251997964,0.677771506956182,0.807443963645618
1965-05-01,0.546121336395366,0.672905014538784,0.804676063149502
1965-06-01,0.547905899651894,0.675518588591858,0.805498301635052
1965-07-01,0.553913743474593,0.678338200648273,0.805680298633485
1965-08-01,0.552121257688406,0.674269327264183,0.803660287353891
1965-09-01,0.56149483768401,0.676958441915321,0.803633074482546
1965-10-01,0.55445360290056,0.672878348363,0.803037435747269
1965-11-01,0.549947378274107,0.671885483561501,0.804596206258525
1965-12-01,0.559475593327767,0.680536131398648,0.810011600705663
1966-01-01,0.561406743616037,0.684526643518581,0.81279661565566
1966-02-01,0.567029357534617,0.691300378731803,0.817555670265836
1966-03-01,0.574956710257695,0.69897883983657,0.822796038344614
1966-04-01,0.582389863083544,0.707473459880847,0.826763698084973
1966-05-01,0.591148790993474,0.715217045387076,0.830536815540414
1966-06-01,0.585382684459303,0.710841206291718,0.831298200859059
1966-07-01,0.584883008914077,0.710044300239646,0.832517349546023
1966-08-01,0.589315733136545,0.712310113609431,0.834797663698029
1966-09-01,0.592091026352118,0.715382158543974,0.838862092617952
1966-10-01,0.590335584766696,0.712759597217409,0.837288007764574
1966-11-01,0.593764799998791,0.714770492953882,0.837859905464626
1966-12-01,0.594611558639956,0.717154248143468,0.839508256001304
1967-01-01,0.601988183040203,0.722771416825366,0.841971395228774
1967-02-01,0.603494380836112,0.72303089301236,0.844442885998868
1967-03-01,0.596083286232074,0.71633565175161,0.841588121470632
1967-04-01,0.596441427026285,0.715442891813943,0.8406459886917
1967-05-01,0.595768312546671,0.716288248888679,0.842747326160738
1967-06-01,0.595934917764738,0.721569541411624,0.848691933596946
1967-07-01,0.601708329216588,0.728871685700183,0.855931592368149
1967-08-01,0.613117424472269,0.736902753633796,0.85970818633968
1967-09-01,0.608077366906821,0.736166015670766,0.859808724064311
1967-10-01,0.611152663233102,0.738896094707968,0.861311930987649
1967-11-01,0.629970004760136,0.754062605205628,0.867922131774863
1967-12-01,0.635660042653916,0.758051666159879,0.869215085421596
1968-01-01,0.651294256966185,0.767388364468803,0.870210290369807
1968-02-01,0.629158568784372,0.751594607041134,0.86243321539921
1968-03-01,0.611283958320879,0.736855370822903,0.856167808250084
1968-04-01,0.610374023663691,0.734278876066224,0.853663330454231
1968-05-01,0.603652837796792,0.725401743751073,0.847881529217127
1968-06-01,0.594806748377394,0.719730353341835,0.844555085463406
1968-07-01,0.585385767323316,0.710876269926696,0.839892501162783
1968-08-01,0.584173198183983,0.708333649553842,0.837846865719989
1968-09-01,0.578481642192659,0.705937198446849,0.836832501876637
1968-10-01,0.58212557815436,0.70912419095871,0.838470543161376
1968-11-01,0.589820303258214,0.715657484929689,0.842806700240854
1968-12-01,0.589288386666769,0.718281558409495,0.847396594761628
1969-01-01,0.588418233335947,0.72029291014962,0.850910171913528
1969-02-01,0.592922563250573,0.726541246403572,0.85826680407217
1969-03-01,0.596934555056613,0.73352974099356,0.868768437951843
1969-04-01,0.60843448015451,0.744578642137437,0.878555411682097
1969-05-01,0.621188242592905,0.757678364398172,0.888936794167268
1969-06-01,0.624680938851832,0.760813888961694,0.889235024567689
1969-07-01,0.623626219915521,0.76023487387557,0.888487046502781
1969-08-01,0.621286914471903,0.758345870160916,0.888456044603807
1969-09-01,0.621139705674133,0.75715985530154,0.886914899695685
1969-10-01,0.619674073112547,0.75658014456602,0.885838595602864
1969-11-01,0.635000139011687,0.765897224303208,0.888797135998553
1969-12-01,0.64148562133396,0.773480466935696,0.89343891048383
1970-01-01,0.666907474108958,0.794131070676857,0.901586445007698
1970-02-01,0.662005983057166,0.796482075935749,0.904323412484685
1970-03-01,0.661063125580602,0.796990277470436,0.90562073817144
1970-04-01,0.668466464347372,0.801589471954194,0.905674640582284
1970-05-01,0.663194272732701,0.798687349118164,0.903271979416107
1970-06-01,0.651637386181912,0.789103448458674,0.898392781282568
1970-07-01,0.650691849601215,0.787748991996859,0.897407845930302
1970-08-01,0.658572405068133,0.792957017358571,0.899180284126931
1970-09-01,0.674332724328517,0.802553295949546,0.900560945734292
1970-10-01,0.703397980739801,0.825788994520638,0.908057782308344
1970-11-01,0.702308098336037,0.827480323351782,0.912060104443533
1970-12-01,0.725776143227576,0.843182266138911,0.921559440182285
1971-01-01,0.687524000259406,0.815348041523553,0.910895622582331
1971-02-01,0.652986028425221,0.787306930400156,0.899407694073696
1971-03-01,0.62660600934069,0.76454615892244,0.889305089799529
1971-04-01,0.6154551372621,0.753943944512887,0.884133647662626
1971-05-01,0.614867216700946,0.750065788454292,0.880211116967194
1971-06-01,0.626103990363836,0.753523418726049,0.878286175200262
1971-07-01,0.633311146118745,0.757414582428821,0.878467278978971
1971-08-01,0.63326970507419,0.757812446387213,0.879351552109646
1971-09-01,0.632542902717905,0.760491553308712,0.881618760596885
1971-10-01,0.631275765938,0.759918081437329,0.879956186883056
1971-11-01,0.62886474221773,0.759619722640758,0.879961454903463
1971-12-01,0.643939345302564,0.772416684951747,0.885477481874742
1972-01-01,0.643983728677925,0.771281166924102,0.884033425717812
1972-02-01,0.614889470792106,0.749321009428955,0.873251796208281
1972-03-01,0.594912173342891,0.731173843548071,0.864449881634699
1972-04-01,0.584479948441821,0.719830300643586,0.858157903372863
1972-05-01,0.581992707652496,0.718695338205598,0.857542209571148
1972-06-01,0.588692486433785,0.72517253241878,0.860671536549042
1972-07-01,0.607953267915821,0.740181921152656,0.867271113970444
1972-08-01,0.619422370856477,0.749833292405852,0.873277707578647
1972-09-01,0.617454405676636,0.750265166642514,0.875330733569673
1972-10-01,0.632957353294222,0.759936460340054,0.878259181619839
1972-11-01,0.631889285975864,0.762794364850659,0.881137749411636
1972-12-01,0.639015782254743,0.77193616186964,0.888163924632311
1973-01-01,0.649398375996914,0.784186515097582,0.897802782547855
1973-02-01,0.66212416721813,0.800286009590621,0.911166116521086
1973-03-01,0.663351093323815,0.807854913094981,0.920793079242418
1973-04-01,0.669241361997953,0.816223404905768,0.930405384079851
1973-05-01,0.672259273131399,0.827016182405755,0.943098243291181
1973-06-01,0.695794322320169,0.853171530602642,0.960994042093069
1973-07-01,0.738448193888024,0.897968431654036,0.988363381435714
1973-08-01,0.775417770797904,0.931714210615929,1.00913799387086
1973-09-01,0.781885665979193,0.936784240787503,1.01437264558018
1973-10-01,0.785354274306623,0.936210272513128,1.01685148831181
1973-11-01,0.780925213326493,0.932081676413084,1.01954924372935
1973-12-01,0.790806951819844,0.939408905723268,1.02956425854435
1974-01-01,0.808763932284282,0.955449179215775,1.04641134672387
1974-02-01,0.791025928085645,0.940720607090164,1.0382270384855
1974-03-01,0.781311579441297,0.930290669450569,1.02773581115773
1974-04-01,0.786346272525313,0.930777234794365,1.02332544952123
1974-05-01,0.779052284321657,0.929712347349433,1.0227972959191
1974-06-01,0.777006077086608,0.933474996639487,1.02743112727701
1974-07-01,0.788383345400417,0.942680657786693,1.02919975433998
1974-08-01,0.804692639194429,0.95181916591139,1.02844213342932
1974-09-01,0.80754176146303,0.953604799881098,1.02413738175266
1974-10-01,0.816366420909955,0.959620053955678,1.02292591083588
1974-11-01,0.845499850782447,0.981201947058644,1.02225734043715
1974-12-01,0.853168071520553,0.987011948855239,1.01768480157821
1975-01-01,0.819262612849582,0.95964412442039,1.00414929747483
1975-02-01,0.799549523183739,0.936395035097198,0.990435628394161
1975-03-01,0.780362009202737,0.918022812717841,0.9818329544376
1975-04-01,0.765713241446091,0.899901970971612,0.971110051655633
1975-05-01,0.759331361868518,0.88552452218453,0.958424576648458
1975-06-01,0.752995343765397,0.872460446230233,0.947709297393799
1975-07-01,0.743585409732178,0.860843036919161,0.93925720573639
1975-08-01,0.708519780419255,0.833966516230309,0.924784259547458
1975-09-01,0.678523380283616,0.808061008964536,0.911314671468499
1975-10-01,0.657000747556374,0.790936829554169,0.903638325294497
1975-11-01,0.643698806139042,0.778976339804093,0.897996639665379
1975-12-01,0.651487490617034,0.780352550989624,0.896159262747427
1976-01-01,0.659501415912602,0.784808148762807,0.897910787303317
1976-02-01,0.640536847788719,0.768973306653661,0.892271859393276
1976-03-01,0.627211731238207,0.755804774010945,0.884435040781549
1976-04-01,0.620791415300577,0.748389399882442,0.878267626914523
1976-05-01,0.616277687267516,0.743416306740458,0.873479673969793
1976-06-01,0.603818811235699,0.733408833462648,0.868023324125993
1976-07-01,0.592200287146337,0.723279552290515,0.864154996640198
1976-08-01,0.591853722219336,0.723371718036872,0.864686552408141
1976-09-01,0.60318003593942,0.732579543178938,0.871360566259942
1976-10-01,0.616588520314891,0.743820216570902,0.873962231316262
1976-11-01,0.631242354954078,0.752029744901452,0.873665476485782
1976-12-01,0.637883140520544,0.757597843249199,0.873521979115207
1977-01-01,0.658289433878221,0.767451974034561,0.873009455145101
1977-02-01,0.642346228754612,0.757472615065317,0.869849919179465
1977-03-01,0.620963904553102,0.739448966800728,0.861519407304654
1977-04-01,0.591578256943553,0.718739517380374,0.853604356628798
1977-05-01,0.581262702351523,0.710581324924248,0.851131939275222
1977-06-01,0.572605437811085,0.703620209065449,0.848687006209521
1977-07-01,0.567213358862388,0.699821350535864,0.848697300023292
1977-08-01,0.565747655720232,0.69970700629514,0.852052820158316
1977-09-01,0.574621622040952,0.705819929330684,0.852644874215435
1977-10-01,0.5916557963301,0.719008585723012,0.856375858529526
1977-11-01,0.60796557318205,0.730662271668598,0.859739244393975
1977-12-01,0.645319379126779,0.757772518724395,0.868135011610113
1978-01-01,0.665760844350797,0.773445547742656,0.877501548943474
1978-02-01,0.652436693184373,0.768585970926047,0.878432469462416
1978-03-01,0.657707969088574,0.773408854782202,0.881378108086807
1978-04-01,0.657555791067105,0.776074887208926,0.88468713253558
1978-05-01,0.627329929775877,0.760898605795038,0.884447471700927
1978-06-01,0.612348019837087,0.751096444383231,0.884273036704643
1978-07-01,0.612631854103595,0.753643465970872,0.888618678656368
1978-08-01,0.605938236110371,0.75160262859944,0.891875096426423
1978-09-01,0.608501660004176,0.754877396628962,0.896035132323377
1978-10-01,0.6120763298669,0.761425981480592,0.90167631591308
1978-11-01,0.619978622457204,0.768211056471527,0.908285539433742
1978-12-01,0.62699560037377,0.772725288414462,0.910626868832601
1979-01-01,0.646340928162134,0.788172785729577,0.918889431770202
1979-02-01,0.658900810599122,0.799944268752313,0.92847373126032
1979-03-01,0.682233524708927,0.818919527738704,0.9401088476778
1979-04-01,0.729040289696941,0.849247975590643,0.955913078745746
1979-05-01,0.726563024784553,0.856768912445733,0.969693479419247
1979-06-01,0.713504068003908,0.854962526687484,0.976477302519038
1979-07-01,0.720678419377094,0.864068083715965,0.987059721393446
1979-08-01,0.740869675581322,0.884186774636684,1.00259668468248
1979-09-01,0.754817560259721,0.904567774284738,1.02108499234824
1979-10-01,0.770609549546905,0.930243114278574,1.04376017818813
1979-11-01,0.781560084725558,0.947694965104077,1.05940697782106
1979-12-01,0.801964351157999,0.972562807380513,1.07811514273863
1980-01-01,0.8476012193476,1.0173366474483,1.10405268662122
1980-02-01,0.902598288171684,1.07303664464811,1.13722291312311
1980-03-01,0.974120495723578,1.13984564076353,1.17281180194544
1980-04-01,1.0377886552116,1.20733580952548,1.20684369978619
1980-05-01,1.02782854006589,1.21609262681586,1.21420285741882
1980-06-01,0.979955770340153,1.16979347371723,1.18993865392208
1980-07-01,0.955212124248522,1.13512325020744,1.17246888074103
1980-08-01,0.934126790065422,1.10835996307521,1.15898061023145
1980-09-01,0.906192145145071,1.07786108834623,1.14316635593429
1980-10-01,0.890731736988524,1.06095426009631,1.1347018071378
1980-11-01,0.883329075180216,1.05696861354596,1.13536559949581
1980-12-01,0.882227224177651,1.05613353172804,1.13741765499866
1981-01-01,0.876230418793746,1.05156628494579,1.13678546373131
1981-02-01,0.869754318515194,1.04669151273004,1.13415132338559
1981-03-01,0.862814587124285,1.03587182042701,1.12251248685
1981-04-01,0.873895009031928,1.03889071937644,1.11985659399802
1981-05-01,0.873632857303906,1.04031973492281,1.12217102995161
1981-06-01,0.873794724890695,1.03980382824365,1.12410973556008
1981-07-01,0.855104125475556,1.02501003326084,1.11359937141744
1981-08-01,0.843034538259018,1.01601839110976,1.10616604686306
1981-09-01,0.853068941873587,1.02215721253013,1.10442025719913
1981-10-01,0.84771383286312,1.01787409010872,1.09869699679567
1981-11-01,0.846589106360091,1.0208129687391,1.09889101096791
1981-12-01,0.849216781717465,1.01405780306974,1.08840159689198
1982-01-01,0.87385575616156,1.02256278762678,1.08332473948824
1982-02-01,0.872613780615033,1.01954465518042,1.08042364840403
1982-03-01,0.832693271498474,0.994072734785407,1.07327280390362
1982-04-01,0.820729136732841,0.981645799879392,1.06967939646552
1982-05-01,0.813731335107833,0.972350422616416,1.06087735849752
1982-06-01,0.812110935581332,0.970098260888829,1.05798897727011
1982-07-01,0.804937143502079,0.962698672994844,1.05052486576993
1982-08-01,0.795806133883665,0.955358199152161,1.04301164453399
1982-09-01,0.78370681589563,0.941161888005345,1.03174275577437
1982-10-01,0.777434678231799,0.930896929692052,1.0208180999706
1982-11-01,0.765660476322058,0.913176178621181,1.0052842558636
1982-12-01,0.77323704854587,0.909755947646342,0.995334951038682
1983-01-01,0.793248016617927,0.915240259135432,0.987837781694203
1983-02-01,0.755942504499082,0.885524240739737,0.973168986715022
1983-03-01,0.729167873694286,0.86171744353697,0.960061306345967
1983-04-01,0.712447874091732,0.844275156928546,0.950154377746852
1983-05-01,0.683524865673378,0.818159932460632,0.935991000238915
1983-06-01,0.676335722800327,0.808319857564619,0.929307517585102
1983-07-01,0.666179148316433,0.797015398161942,0.920347601721883
1983-08-01,0.657191626011096,0.787689048733536,0.913707016341517
1983-09-01,0.656684222185649,0.784681302691066,0.910342710050173
1983-10-01,0.634623323858714,0.767766322266635,0.901542050901964
1983-11-01,0.619393225938126,0.755089609048763,0.89523447115283
1983-12-01,0.62541983410139,0.757357915490059,0.894287982797885
1984-01-01,0.638298689907069,0.76621960149269,0.897555294645146
1984-02-01,0.633931516427868,0.763592326785268,0.896673772312713
1984-03-01,0.615682325949355,0.750826082642754,0.894168301199356
1984-04-01,0.604423007325619,0.741952505651448,0.892704849464112
1984-05-01,0.608451518056985,0.7469588874036,0.898835942441489
1984-06-01,0.60691782337626,0.746399399346148,0.900659352804837
1984-07-01,0.609441346127053,0.749496983083591,0.905188794672072
1984-08-01,0.61533333449657,0.755132371555013,0.909855680704638
1984-09-01,0.616793081373504,0.755744417484135,0.909494665953033
1984-10-01,0.622379869573557,0.760458210417793,0.913953513089147
1984-11-01,0.625992009094798,0.765161523285635,0.918631207207052
1984-12-01,0.626970437065147,0.766917132997847,0.921631224024806
1985-01-01,0.629714973706012,0.769231693244077,0.922279992355299
1985-02-01,0.629988591825815,0.76994918599128,0.923634214816293
1985-03-01,0.633727393323751,0.772251201698757,0.923654417974763
1985-04-01,0.638207320605432,0.774445505613702,0.923494370320491
1985-05-01,0.621865162968923,0.762087077118806,0.916396602436069
1985-06-01,0.613436942286508,0.754133939110608,0.910532080967541
1985-07-01,0.613507147759868,0.751731537088954,0.906136743223893
1985-08-01,0.609666344428664,0.749565545937446,0.903194658578642
1985-09-01,0.618348744777417,0.756735083655259,0.904355009030545
1985-10-01,0.627007470843509,0.766126326732493,0.91111753019222
1985-11-01,0.634545189763005,0.774566319977273,0.917240432939121
1985-12-01,0.648269962315806,0.78852963493864,0.9287780624116
1986-01-01,0.665114494358615,0.803749102478407,0.937412485161576
1986-02-01,0.687664032271927,0.825300225773996,0.950811368491046
1986-03-01,0.687604460070558,0.824756948989652,0.947969704712011
1986-04-01,0.673684952519432,0.814774709399671,0.944048163888557
1986-05-01,0.670773497172935,0.812001691439449,0.941755584358191
1986-06-01,0.66499957841485,0.803473301869242,0.934408126819263
1986-07-01,0.654826778494938,0.795016093748209,0.92953145410491
1986-08-01,0.652779078891209,0.792504054637844,0.928127240697704
1986-09-01,0.654744382076185,0.790800728925979,0.92014649698487
1986-10-01,0.64747502145349,0.783956152527954,0.914604906407153
1986-11-01,0.652296617985285,0.788158705472764,0.915996436682597
1986-12-01,0.67352774007676,0.805799662336823,0.925999908462404
1987-01-01,0.685507462547057,0.816359625229472,0.930409858357318
1987-02-01,0.668201799435317,0.802190270012547,0.925598539477855
1987-03-01,0.637246360266404,0.776477529840614,0.912053283896286
1987-04-01,0.62563335705629,0.764360642826366,0.904336165621185
1987-05-01,0.611491177662242,0.751499193117881,0.897507677752229
1987-06-01,0.603136651411515,0.745496382837057,0.894712784665693
1987-07-01,0.601942321096761,0.744787299438164,0.894360672028155
1987-08-01,0.610440593235012,0.751849086099159,0.897941182846636
1987-09-01,0.623366956588754,0.762024853408332,0.901243807413501
1987-10-01,0.640960651502291,0.778793610539369,0.908276338565886
1987-11-01,0.632331727464041,0.776184139708653,0.912772583406333
1987-12-01,0.629581647572945,0.77053660642297,0.910610578320259
1988-01-01,0.624223491621957,0.764826682628307,0.90825284770802
1988-02-01,0.61033140313186,0.751556980721774,0.900542796460492
1988-03-01,0.595290721897629,0.737084148952974,0.893875696069783
1988-04-01,0.58735154925513,0.728980103474804,0.891326899221207
1988-05-01,0.58002050857395,0.719851933567024,0.885432780320382
1988-06-01,0.576875892612894,0.716349110150649,0.883143803915589
1988-07-01,0.575914562515505,0.713368174722635,0.880237627718746
1988-08-01,0.577195206176236,0.713780714479631,0.880476330879638
1988-09-01,0.579823212645375,0.715499829741462,0.881292793837324
1988-10-01,0.581623171795263,0.718016585308014,0.883115083680857
1988-11-01,0.584377055579973,0.72272678920511,0.886994689874797
1988-12-01,0.59898138333535,0.735385814908079,0.893302002485245
1989-01-01,0.621245999992407,0.75264302293405,0.896773367113605
1989-02-01,0.628384410913248,0.757350754591802,0.89915251923246
1989-03-01,0.626461903768192,0.757856611969813,0.901787921331631
1989-04-01,0.62440782187676,0.760418110845965,0.905823236238674
1989-05-01,0.633707609210094,0.769404751331888,0.913550790075114
1989-06-01,0.629589681975158,0.767843358919342,0.912850354092496
1989-07-01,0.633756260740807,0.769584842868597,0.912406942193521
1989-08-01,0.630913699012391,0.768452989475448,0.91086847391779
1989-09-01,0.614593353000369,0.754542576322788,0.902919080211967
1989-10-01,0.613904329046388,0.751791982161137,0.896884629814095
1989-11-01,0.619456440967772,0.754635744667642,0.895918184195505
1989-12-01,0.646202161292657,0.773263487875403,0.901595859906173
1990-01-01,0.682196179659797,0.799723278092365,0.91139227740685
1990-02-01,0.66829433810577,0.795686074537968,0.913429925406942
1990-03-01,0.655712691724601,0.788097755746575,0.912110479229758
1990-04-01,0.649962306191766,0.783449941364068,0.910081603935208
1990-05-01,0.644660599658572,0.779887593495225,0.908309985138213
1990-06-01,0.640376020095415,0.779105524883781,0.911868271743504
1990-07-01,0.646423885548996,0.788492754109682,0.921651924505511
1990-08-01,0.664312814721481,0.806474908662514,0.933540394887233
1990-09-01,0.658853893298658,0.802010068997124,0.930855483772446
1990-10-01,0.668580339475485,0.808147316615214,0.933023234254293
1990-11-01,0.680309846487374,0.819035761550412,0.938259984483714
1990-12-01,0.676083154899901,0.814514815667645,0.935582412732861
1991-01-01,0.675485736972887,0.810966702202237,0.931541309573322
1991-02-01,0.664375601488668,0.801522956611189,0.928009781566471
1991-03-01,0.64612687787481,0.783711950023619,0.918670883387483
1991-04-01,0.635449610276517,0.767487107593844,0.906260945380298
1991-05-01,0.622608573964339,0.751480007824607,0.893028722017001
1991-06-01,0.614564003585257,0.741240067292959,0.884830883954163
1991-07-01,0.596603950057802,0.727650205920271,0.878453423556044
1991-08-01,0.584554016524152,0.718432335099248,0.873339086561347
1991-09-01,0.58432981313843,0.715781516874258,0.870525315824559
1991-10-01,0.577074062135993,0.713650152299357,0.872464696711021
1991-11-01,0.577980516279809,0.717349017979831,0.87614317641756
1991-12-01,0.588549145704382,0.725756366524382,0.880733427506861
1992-01-01,0.592906845509862,0.728216170976265,0.879703852622824
1992-02-01,0.591776051504608,0.726652766297365,0.879203064166141
1992-03-01,0.582880867284488,0.718458457225206,0.876321442405994
1992-04-01,0.57878046827844,0.714051539857211,0.873686569570854
1992-05-01,0.568811309027898,0.70470139529884,0.867613479992553
1992-06-01,0.567239853122829,0.702454007850261,0.865907972402456
1992-07-01,0.56982740847974,0.702401837541958,0.865936910331208
1992-08-01,0.570272259521731,0.701196983295648,0.863645069714687
1992-09-01,0.577082907006375,0.706187697419458,0.865658847364898
1992-10-01,0.585530431788271,0.711790560524632,0.868884737391613
1992-11-01,0.578428915984359,0.706870732411833,0.867276720762809
1992-12-01,0.58949203529666,0.707314853052692,0.861886809999057
1993-01-01,0.58903297078064,0.706208293010301,0.858663890597399
1993-02-01,0.574614636124045,0.700241633879122,0.857120028099934
1993-03-01,0.571128078750798,0.696772010279051,0.852796779025339
1993-04-01,0.564877427186284,0.690675297437226,0.847651240064561
1993-05-01,0.560875617395708,0.685320616430799,0.843296324577628
1993-06-01,0.548286369748308,0.677135374926264,0.841170017494323
1993-07-01,0.538890412783269,0.670110462197301,0.839973973938394
1993-08-01,0.539242879769265,0.67075349922641,0.842407536266753
1993-09-01,0.546877140604518,0.675130375006733,0.84463326243323
1993-10-01,0.553595371750914,0.681362691861682,0.848945955859646
1993-11-01,0.55237609173515,0.681610571116183,0.851647491757197
1993-12-01,0.573981572167013,0.694312796066188,0.856319190250228
1994-01-01,0.582487206796568,0.702537743757078,0.861435589689919
1994-02-01,0.57662739921448,0.702766248448651,0.863394227571167
1994-03-01,0.572879535580969,0.702472549234318,0.8661882553116
1994-04-01,0.557312332379507,0.692500954341296,0.864104682341805
1994-05-01,0.552016605702404,0.687598071135124,0.859744545834727
1994-06-01,0.546021917849649,0.681656281325627,0.854849657683996
1994-07-01,0.543597804084623,0.680530221995239,0.854657554459644
1994-08-01,0.543321595364353,0.68051660882694,0.856307259265146
1994-09-01,0.54520022391164,0.681909704164655,0.856982817773366
1994-10-01,0.548858405372409,0.684792795429569,0.858531320850067
1994-11-01,0.54675905836368,0.684319707104868,0.85909962726542
1994-12-01,0.55393598273589,0.691052993161496,0.864286414739691
1995-01-01,0.558538125291292,0.695514123749728,0.866844527911021
1995-02-01,0.568261785628257,0.702684243980456,0.86843263771837
1995-03-01,0.568364206837449,0.700264522421302,0.866317497287542
1995-04-01,0.57348565725037,0.702645448201062,0.866860573111514
1995-05-01,0.572599183870493,0.702364915102347,0.865616123755181
1995-06-01,0.563641828714997,0.696732625238119,0.864463822074743
1995-07-01,0.559888026670746,0.693437399820746,0.861794098414381
1995-08-01,0.560788317676734,0.69454054827287,0.862292277531312
1995-09-01,0.551480393856794,0.688633045161122,0.858569147973158
1995-10-01,0.554020635939826,0.69170677179542,0.858613507213859
1995-11-01,0.564368112575501,0.700202406755965,0.861399123785428
1995-12-01,0.574367388923369,0.708590002231045,0.864988115112189
1996-01-01,0.598217921349204,0.726542152622997,0.872546960260899
1996-02-01,0.609499080606295,0.733353147930077,0.874898096357313
1996-03-01,0.595180156722377,0.724768524117798,0.873676791975625
1996-04-01,0.579313718331332,0.711906506012007,0.867648734518605
1996-05-01,0.565423461678528,0.701716326373582,0.864441853337752
1996-06-01,0.557646363109353,0.694639110262049,0.858405635479104
1996-07-01,0.55256225580294,0.689782400775365,0.854878393771631
1996-08-01,0.549355300041351,0.685633612009271,0.851335563393176
1996-09-01,0.547460817620102,0.683813522208593,0.851894832928921
1996-10-01,0.549140789077061,0.685225332347207,0.85359282549267
1996-11-01,0.55003227593896,0.686047448983192,0.856083772027009
1996-12-01,0.551536307285752,0.687240804317357,0.856493110911934
1997-01-01,0.553041035873646,0.688378343832408,0.856762673561623
1997-02-01,0.556898586389793,0.691798259663077,0.858836652386701
1997-03-01,0.551575594074354,0.687758200871544,0.854306193175141
1997-04-01,0.554278607261505,0.689159979022372,0.852735506432884
1997-05-01,0.551380649869986,0.688068584986045,0.853419019400005
1997-06-01,0.550533691848151,0.686780234751953,0.853068951025097
1997-07-01,0.556674126079316,0.690750983314451,0.853616860866071
1997-08-01,0.566719989965389,0.696195494617684,0.853602525252417
1997-09-01,0.561240774796251,0.692416262490331,0.852584804646421
1997-10-01,0.561124701188852,0.693117522814406,0.854179398166098
1997-11-01,0.564282682395663,0.69687781855582,0.857922389278474
1997-12-01,0.567410780437527,0.701462575085488,0.861418879344177
1998-01-01,0.572034519539603,0.704971669660575,0.861205445599553
1998-02-01,0.570379800337713,0.704062902643648,0.859299351777996
1998-03-01,0.572751656402292,0.706684630316562,0.86097124908441
1998-04-01,0.581246114856507,0.715065794505139,0.866371075616316
1998-05-01,0.587171142821626,0.722421387438021,0.870741966494406
1998-06-01,0.604442819353127,0.738082980987004,0.880812422411616
1998-07-01,0.616093864942221,0.752097450253737,0.89210491416469
1998-08-01,0.637562168193199,0.772680072075751,0.906067319066158
1998-09-01,0.629043573097222,0.771716871189452,0.914721017755227
1998-10-01,0.617612394437492,0.760711787396519,0.910223227798046
1998-11-01,0.608603837949423,0.752515035194354,0.906584049036227
1998-12-01,0.605640747736427,0.747924823485697,0.902923277051351
1999-01-01,0.605314542283271,0.747234518799222,0.902323793798536
1999-02-01,0.60592857990148,0.74722724994972,0.900530759857427
1999-03-01,0.605498082755718,0.747964826403387,0.901657818347876
1999-04-01,0.603259392943757,0.747800696071128,0.899717527846596
1999-05-01,0.597111897230357,0.743268795578671,0.898189356341828
1999-06-01,0.590335472968262,0.736211663089504,0.895551986931683
1999-07-01,0.583944419804001,0.73153348954616,0.894554601333692
1999-08-01,0.585006160669915,0.732220891024378,0.895058768505864
1999-09-01,0.591042224944606,0.736726458225494,0.89768685966184
1999-10-01,0.604364576384187,0.74765216550421,0.9043393267212
1999-11-01,0.608813697588,0.749917864859789,0.902559505139171
1999-12-01,0.62350464969589,0.759981987931929,0.903450630163517
2000-01-01,0.641030978052273,0.772306504506937,0.905883437383813
2000-02-01,0.647398365212836,0.78296946528119,0.91210984186685
2000-03-01,0.658704030969287,0.794126514854353,0.919702050592966
2000-04-01,0.67709775701766,0.812826954068767,0.933198431445624
2000-05-01,0.692246725051864,0.823830062254495,0.94027405598835
2000-06-01,0.690459650882732,0.822232530109102,0.938750734612765
2000-07-01,0.677496272987327,0.81266363605212,0.934545816814404
2000-08-01,0.670264869886733,0.807182236874163,0.931203940359885
2000-09-01,0.672096982030059,0.810477706519687,0.933626604966966
2000-10-01,0.668273962449582,0.808709651411613,0.933329083918589
2000-11-01,0.669721170030831,0.811152029663313,0.935109934827693
2000-12-01,0.684026052727732,0.8255639040792,0.944904381612721
2001-01-01,0.691568622820591,0.831315444793938,0.945103411001972
2001-02-01,0.688183169408707,0.826344073118587,0.937312154312675
2001-03-01,0.681299087113628,0.820514046579377,0.933546642224905
2001-04-01,0.682899858073344,0.818670391520547,0.9289571022135
2001-05-01,0.680908742922108,0.815692612950769,0.925289951223343
2001-06-01,0.683859414353458,0.816909913955026,0.922908712491766
2001-07-01,0.6937923851495,0.825175204167107,0.924456734048381
2001-08-01,0.71497517817595,0.843445394560113,0.929990487872899
2001-09-01,0.753967148795613,0.875356402579401,0.938937809428504
2001-10-01,0.771505906489645,0.887275525743172,0.940165718141239
2001-11-01,0.728910244236177,0.852168734988226,0.927499983590416
2001-12-01,0.696693621701539,0.824388661962428,0.918190156939483
2002-01-01,0.68105101003008,0.808480541625285,0.9114256564809
2002-02-01,0.662780148305288,0.79143946397702,0.905468014463928
2002-03-01,0.649373964017109,0.781343660621674,0.903390644105319
2002-04-01,0.633196655692468,0.764764380170434,0.89182018258843
2002-05-01,0.615826290430907,0.750514888131378,0.884899785402592
2002-06-01,0.612920374198092,0.747033611855442,0.883297687806713
2002-07-01,0.612098659852291,0.746619259047473,0.882156793116691
2002-08-01,0.607197279336762,0.742876409278091,0.880250274287859
2002-09-01,0.606981233653071,0.742877254502443,0.880594891510235
2002-10-01,0.607822287540548,0.744489574676643,0.885067773521668
2002-11-01,0.616563134754236,0.752914046764189,0.892449476729009
2002-12-01,0.629352720879295,0.764567833069612,0.899869074865864
2003-01-01,0.642844158745001,0.776794155594886,0.905867990521287
2003-02-01,0.650779839610732,0.786247363608432,0.910069166424042
2003-03-01,0.652740403369298,0.791988372833722,0.916119480802121
2003-04-01,0.665552170952633,0.805571473432754,0.924242465564507
2003-05-01,0.648588466965882,0.791133679345852,0.918770910084378
2003-06-01,0.636395301694986,0.779206491393084,0.913414138014498
2003-07-01,0.63789303661296,0.776564956374845,0.909094078418069
2003-08-01,0.636652929408368,0.770892877546284,0.901903436400996
2003-09-01,0.636371065689709,0.768226502940279,0.898356491734612
2003-10-01,0.629216176931613,0.761183559248818,0.894315273734413
2003-11-01,0.619516169034327,0.748708321129183,0.885448356164396
2003-12-01,0.606943971998629,0.737942791268699,0.880350048203829
2004-01-01,0.604934696186395,0.735738859186131,0.878517805470007
2004-02-01,0.60324548921529,0.734827865684568,0.878515577272754
2004-03-01,0.608168275213172,0.738553403863471,0.882583462531723
2004-04-01,0.60841796414794,0.743447953554784,0.890528328743557
2004-05-01,0.618309542321672,0.752908434682275,0.898116470347713
2004-06-01,0.628435479905174,0.761006401782855,0.903627708473629
2004-07-01,0.618099600071106,0.753719860919148,0.899106251307368
2004-08-01,0.608321974009374,0.746042968726931,0.8941909841446
2004-09-01,0.611940707902577,0.748956449668312,0.894685640275379
2004-10-01,0.623282942567592,0.759433712449341,0.900503157645746
2004-11-01,0.636008491135599,0.769481985092691,0.90620753129302
2004-12-01,0.655161615995221,0.77894543661916,0.907410551521277
2005-01-01,0.6610113922386,0.782042871733894,0.906520932617395
2005-02-01,0.644603181521268,0.772472648554559,0.902439239153267
2005-03-01,0.639039202341094,0.769943305254188,0.902872526323108
2005-04-01,0.632105012592327,0.767484752596595,0.902734196489206
2005-05-01,0.637099541805112,0.773811513534216,0.906238557598416
2005-06-01,0.649719426937536,0.784977495945384,0.911737332306912
2005-07-01,0.669213582111567,0.800484839364969,0.91594547861937
2005-08-01,0.689771626977034,0.819083990319991,0.92334732216764
2005-09-01,0.731950217330663,0.851806548887525,0.934941042792883
2005-10-01,0.73313298996178,0.858638612322953,0.94149533765659
2005-11-01,0.71510802196798,0.845873287091618,0.935096862304362
2005-12-01,0.691766593565622,0.826959831880777,0.92711025404227
2006-01-01,0.687245588364186,0.821697987024297,0.923807748389453
2006-02-01,0.679125331218282,0.813909773381568,0.920099709950193
2006-03-01,0.661963569924554,0.799055672636152,0.913429546722675
2006-04-01,0.662493237854,0.79803627770697,0.912115685364628
2006-05-01,0.66603717756807,0.798609241426079,0.910503741551744
2006-06-01,0.66573003297814,0.797699934278685,0.908952688976126
2006-07-01,0.663881749304669,0.795651929918723,0.907532419880393
2006-08-01,0.669420031672371,0.800487402452159,0.909127593126591
2006-09-01,0.689022855387376,0.817444535535866,0.915830982827478
2006-10-01,0.681738516474452,0.811584235161662,0.91201670350749
2006-11-01,0.668958531195929,0.801966795913479,0.910274619865667
2006-12-01,0.668594281679534,0.799236396345034,0.91064926950919
2007-01-01,0.668392886981906,0.797000365559652,0.910867310049005
2007-02-01,0.660348618005576,0.790296081854681,0.908105444898697
2007-03-01,0.653153402339007,0.781692345928196,0.902028434222192
2007-04-01,0.64241878668969,0.771992932821133,0.89862374064677
2007-05-01,0.630563202099333,0.764154766244334,0.897895922063564
2007-06-01,0.630876543474389,0.767353929525961,0.903175475438717
2007-07-01,0.639359838479482,0.777719883702706,0.91125930999143
2007-08-01,0.65809900283733,0.79517258158606,0.923168607328426
2007-09-01,0.666618211721704,0.802906844020615,0.928374482313062
2007-10-01,0.673342730333717,0.810201862770058,0.93394267098248
2007-11-01,0.689065756147517,0.828553357875195,0.946897823361815
2007-12-01,0.696926182784273,0.838652106440796,0.956270793427082
2008-01-01,0.712771424137784,0.853443126027185,0.96230744640972
2008-02-01,0.748365227406738,0.882015122860617,0.971299472650234
2008-03-01,0.751616006222422,0.886142217373742,0.976778906400633
2008-04-01,0.773813875419113,0.902955411582372,0.983857239402056
2008-05-01,0.805812839367179,0.928726196511595,0.99593112620049
2008-06-01,0.833545329129926,0.958985222922466,1.01136187867156
2008-07-01,0.872058309998334,0.998543442393588,1.03268579351558
2008-08-01,0.93583648543178,1.06159825918258,1.0649683951067
2008-09-01,1.01716942231524,1.1323269962769,1.09282577866593
2008-10-01,1.07640733822877,1.19335050976284,1.12143653459561
2008-11-01,1.06431824890276,1.19079065422093,1.1217965152489
2008-12-01,1.04483906179065,1.17856509331167,1.11798601850376
2009-01-01,1.03213706810646,1.16140984026484,1.11015478261467
2009-02-01,0.99280580803527,1.12298717460601,1.08991182764117
2009-03-01,0.940568491814016,1.07754312581602,1.07155738257309
2009-04-01,0.909667079125897,1.04134222789772,1.04868208487929
2009-05-01,0.880652850927063,1.00997700216064,1.03132494251411
2009-06-01,0.85945240670001,0.986694757382116,1.01547691368953
2009-07-01,0.841241505904717,0.962295164954966,1.0004152122065
2009-08-01,0.801074925168944,0.925789795733727,0.979799466801839
2009-09-01,0.767296721196267,0.895276849895554,0.962997876591098
2009-10-01,0.742617201326356,0.873612113196932,0.950171833631127
2009-11-01,0.72673176674838,0.857099101129257,0.941490304499718
2009-12-01,0.718283606276544,0.8490233758929,0.937670979314796
2010-01-01,0.72574604264634,0.851880153540279,0.936843840021069
2010-02-01,0.723061599127522,0.851194210167816,0.935905865106789
2010-03-01,0.723641782128545,0.848467013643205,0.932872649645083
2010-04-01,0.708992712958549,0.833468465349241,0.927416526073377
2010-05-01,0.704489121178338,0.827148532332197,0.926838380299923
2010-06-01,0.671855643862407,0.803385353477607,0.916784379078367
2010-07-01,0.656360976865642,0.789470542235213,0.906868780943869
2010-08-01,0.641713577800693,0.77673653893356,0.898836555705718
2010-09-01,0.634189697626238,0.770111648450167,0.895095700390459
2010-10-01,0.636098699209268,0.771773932581587,0.896575966314632
2010-11-01,0.642965366189181,0.774361796069751,0.893714017390519
2010-12-01,0.684394627480063,0.798874273447593,0.897276407835949
2011-01-01,0.670326339965581,0.790497567720815,0.89526229337397
2011-02-01,0.667875564179133,0.789682898641517,0.896490842220012
2011-03-01,0.660425547933391,0.784602282429624,0.89674508173916
2011-04-01,0.654195107902879,0.779393809458099,0.894490621857652
2011-05-01,0.64844538491133,0.776436890658731,0.895895279067026
2011-06-01,0.645077933608186,0.773463761439206,0.893753362438515
2011-07-01,0.651746590509734,0.778945665089797,0.895676836116806
2011-08-01,0.653385377272995,0.783243281615837,0.900870610023398
2011-09-01,0.643290718872625,0.774939022212877,0.896462373456776
2011-10-01,0.634601967212341,0.766274266104795,0.891763369508094
2011-11-01,0.623288779526895,0.754803331216547,0.886393208710346
2011-12-01,0.61544240584716,0.745435420110222,0.878578923303155
2012-01-01,0.607802639003672,0.737476455837521,0.872341711485713
2012-02-01,0.593343687909969,0.725629264389105,0.866907715742481
2012-03-01,0.59022300054715,0.721959495206591,0.865137189675873
2012-04-01,0.584243733022119,0.718048446142209,0.865011561004295
2012-05-01,0.586693991786652,0.721562334923235,0.86708951275499
2012-06-01,0.587964337614119,0.722331579945716,0.867802360205527
2012-07-01,0.595590920706382,0.727846971132143,0.869910634362069
2012-08-01,0.604652128863169,0.735168456034058,0.870301785214897
2012-09-01,0.601600601181145,0.730710102198304,0.866427222343144
2012-10-01,0.603635304665072,0.728908449791166,0.863406015858079
2012-11-01,0.617639612784613,0.735541804187817,0.863902400380979
2012-12-01,0.632442515410283,0.74116041253604,0.865374297502031
2013-01-01,0.644137802270632,0.748412155715024,0.870185593854626
2013-02-01,0.621472292598878,0.742555016152664,0.871914478996878
2013-03-01,0.60495317109461,0.734574270189355,0.870078238815491
2013-04-01,0.580120044123735,0.71399678126809,0.862680507672157
2013-05-01,0.569998633776166,0.704307630053712,0.859077885528524
2013-06-01,0.56347979386083,0.697446761773325,0.856707979243083
2013-07-01,0.567128452934472,0.697640624190042,0.856990356724017
2013-08-01,0.560794679659143,0.69241827428913,0.854448299409426
2013-09-01,0.549803653362246,0.683130207184731,0.848976401165688
2013-10-01,0.555800160761648,0.685111700227104,0.847998896905102
2013-11-01,0.558229067083734,0.687975652402743,0.847618038995389
2013-12-01,0.563748156340429,0.691320529998672,0.847491293391106
2014-01-01,0.575938004479308,0.697877794429932,0.847620204012706
2014-02-01,0.573330226163813,0.696309652825353,0.846041462886698
2014-03-01,0.561342534106105,0.686696451374249,0.839916859982578
2014-04-01,0.55058916848961,0.679301999024636,0.836515905195624
2014-05-01,0.545062382691027,0.676523806178233,0.836351826519356
2014-06-01,0.549497814935315,0.681379846247109,0.840171197366176
2014-07-01,0.563694742065332,0.693900664972102,0.847737479656725
2014-08-01,0.576873778547533,0.707722331341222,0.857110626161588
2014-09-01,0.584529209452713,0.716668828787429,0.863523527744004
2014-10-01,0.599827486541774,0.731059839140257,0.872691418816303
2014-11-01,0.621728725031706,0.751361087933448,0.884646521576366
2014-12-01,0.644878389249745,0.775816496287236,0.899736684884819
2015-01-01,0.669145588206695,0.799434233695247,0.912420216676957
2015-02-01,0.684563485624546,0.817152755047864,0.923503428780394
2015-03-01,0.683334701562922,0.813954515931901,0.920816646199441
2015-04-01,0.668804430395515,0.801493602150836,0.918295226782782
2015-05-01,0.65863302164259,0.792972048164718,0.91481598286008
2015-06-01,0.643766889483961,0.779452325331958,0.909024688486052
2015-07-01,0.637561085195446,0.775275814957743,0.909094604545984
2015-08-01,0.631117556892564,0.770804262129425,0.905988762965216
2015-09-01,0.632929084759532,0.771468206381433,0.90385496123251
2015-10-01,0.630580779740653,0.769261143257349,0.900061906983241
2015-11-01,0.641614394437082,0.776604895513778,0.901366683910418
2015-12-01,0.667833476425399,0.790874159204573,0.90167170522037
2016-01-01,0.659732239296026,0.786528550385999,0.901243848042358
2016-02-01,0.651288492174352,0.779361587703098,0.900631544249795
2016-03-01,0.64450201241755,0.775020955768698,0.901260285063802
2016-04-01,0.62371982113625,0.755701422007972,0.889928993805019
2016-05-01,0.605735928644953,0.740610268697135,0.883280171972471
2016-06-01,0.592324781555754,0.729634352008741,0.879252707813011
2016-07-01,0.585145476607749,0.725387292910714,0.880253446756492
2016-08-01,0.579645121322175,0.71846315949186,0.875142939654301
2016-09-01,0.574128563255815,0.713053974405657,0.872360816777411
2016-10-01,0.576230762101591,0.715800587075403,0.875594515336114
2016-11-01,0.584656197792186,0.723940865361354,0.881019971510781
2016-12-01,0.589386137546162,0.72677018992567,0.881789628784323
2017-01-01,0.586738951559096,0.721578017140199,0.87506043681513
2017-02-01,0.58790118566567,0.720788147546917,0.872379211656121
2017-03-01,0.588850915903367,0.721830712827496,0.873868136851205
2017-04-01,0.585667439676124,0.718825791071119,0.872016346948299
2017-05-01,0.580445279970238,0.71649256973661,0.870883227696422
2017-06-01,0.574855080879082,0.711711468862395,0.867153756606092
2017-07-01,0.572404246714035,0.708657457388098,0.864661167867242
2017-08-01,0.578601628752957,0.712962399954034,0.864504865143334
2017-09-01,0.58763503547078,0.718259942322633,0.865131758391592
2017-10-01,0.592154408301738,0.721210798562767,0.867112387313032
2017-11-01,0.57977275660648,0.714219393110577,0.866402189196352
2017-12-01,0.575573857380489,0.710626155968532,0.865130999345133
2018-01-01,0.581466891422706,0.714553449613841,0.867699426924102
2018-02-01,0.585053175688222,0.717021802726724,0.869876191138678
2018-03-01,0.578335695764501,0.711222975968126,0.865524009914963
2018-04-01,0.578861128802665,0.707661424365121,0.861476049168924
2018-05-01,0.581254464285317,0.707780118739842,0.861069881791179
2018-06-01,0.564764454276593,0.698043896215179,0.858756685526593
2018-07-01,0.555257153345265,0.692331838012045,0.85613995723041
2018-08-01,0.553761822476468,0.692217373572894,0.856787127731142
2018-09-01,0.557787461543631,0.697311274443281,0.859462272692137
2018-10-01,0.566449022047283,0.706900880426302,0.865390678023509
2018-11-01,0.585489349425522,0.725233064215295,0.877506494369843
2018-12-01,0.606383333698958,0.740649587271932,0.881591117646162
2019-01-01,0.609213706222097,0.743271251993611,0.883061423555658
2019-02-01,0.606655516935363,0.740615798020797,0.881739261224511
2019-03-01,0.601765573052632,0.736071338455559,0.879608621986531
2019-04-01,0.607470379128907,0.738402162817835,0.880539490584183
2019-05-01,0.598845306704829,0.73454772936716,0.881174676189219
2019-06-01,0.597211049751117,0.734276098332736,0.88408798012294
2019-07-01,0.596167806459656,0.733430637573203,0.884007340061275
2019-08-01,0.602794371452936,0.738641749048987,0.886835993734873
2019-09-01,0.614266580833698,0.746204818471891,0.889843115788643
2019-10-01,0.631035161679432,0.759757377438224,0.896664055845964
2019-11-01,0.659453570950458,0.781610865988874,0.907770912202612
2019-12-01,0.691070510103516,0.8068828704943,0.918286214407903
2020-01-01,0.746596361865402,0.847541637978261,0.935348423178249
2020-02-01,0.837458596492873,0.910667928764423,0.961956002583798
2020-03-01,1.0240583527678,1.01333236709519,0.997082614739716
2020-04-01,0.875220408637134,0.942043633788976,0.979824163960768
2020-05-01,0.788755468209726,0.887751487705788,0.960119763641808
2020-06-01,0.738776397072797,0.853150842988047,0.946693745559803
